id,type,depends_on,text
1,independent,,"A computer-implemented method for generating a response to a natural-language query, the method comprising: ingesting content received in a plurality of distinct modalities through a corresponding plurality of modality-specific extraction stages, each said extraction stage failing independently of every other said extraction stage; constructing, from an output of at least one said extraction stage, a plurality of knowledge records, each said knowledge record encoding a single semantic assertion as a subject reference, a predicate reference and an object, and each said knowledge record further comprising, within a single record schema, a confidence value maintained as a first parameter accumulating evidence supporting said semantic assertion and a second parameter accumulating evidence contradicting it and reported as a ratio of said first parameter to a sum thereof, a safety classification, a semantic fingerprint computed over a canonicalized form of said semantic assertion, and a reference into a provenance chain; appending, for each said knowledge record, a node to said provenance chain, said provenance chain being append-only and each said node carrying a checksum computed over an operation and a safety evaluation recorded for said operation; receiving a query from a requester; constructing, before traversal of said knowledge records, a scope description bounded by an access entitlement of said requester and by a time interval, such that a knowledge record outside said scope description is not traversable; retrieving from within said scope description a candidate set of said knowledge records; admitting into an admitted set only those knowledge records of said candidate set whose retrieval confidence satisfies a configured threshold; iteratively updating an activation value of each knowledge record of said admitted set as a threshold function of a weighted sum of the activation values of the other knowledge records of said admitted set, until said activation values reach a stable state, and retaining a stabilized set comprising those knowledge records whose activation value is positive at said stable state; constructing a graph structure in which every edge references at least one knowledge record of said stabilized set; generating output text, wherein at each generation step a permissible output vocabulary is constrained to terms derivable from said edges, and wherein a candidate proposition not derivable from said edges is rejected before output in favour of a narrower proposition that is so derivable; and delivering said output text together with a citation resolving each said proposition to at least one knowledge record of said stabilized set."
2,dependent,1,"The method of claim 1, further comprising: receiving an output attributed to an external system; evaluating each factual assertion of said output against said knowledge records; marking each said factual assertion as supported together with a citation to a knowledge record supporting it, or as unsupported; classifying said output against a plurality of categories comprising an untraceable assertion, an assertion exceeding a scope declared for said external system, and a self-contradiction between two assertions of said output; and where said output contains a textual pattern of self-referential language, generating a citation of the specific text observed and generating no output asserting a determination concerning an internal state of said external system."
3,dependent,1,"The method of claim 1, further comprising: registering a connector to an external system, said registering recording a capability declared by said external system, an authentication credential, a data mapping between a representation of said external system and a schema of said knowledge records, and a health-reporting interface; permitting an operation directed to said external system only where said operation is within a said declared capability; and performing said retrieving and said generating identically whether or not any said connector is registered, such that no said external system is a dependency thereof."
4,dependent,1,"The method of claim 1, further comprising generating a plurality of candidate hypotheses by sampling from a distribution in which a selection probability of a candidate is a logistic function of a scored difference between said candidate and an incumbent candidate scaled by an inverse-temperature parameter, wherein each said candidate hypothesis carries a status field set to a proposed state and transitions to a validated state only upon confirmation by an identified human reviewer, no automated process being configured to effect said transition."
5,dependent,1,"The method of claim 1, further comprising: establishing an entitlement of a holder to a work under a licence record; minting a token representation of said entitlement only after said entitlement is so established; transferring said token representation to a wallet controlled by said holder, said token representation being at no time held by a party performing said method; and where a state of said token representation diverges from said entitlement record, presenting said entitlement record as authoritative and recording said divergence."
6,dependent,1,"The method of claim 1, further comprising delivering an audio narration of content by one of a first mechanism reproducing a recorded asset of an identified natural person and a second mechanism synthesizing speech from a voice profile having no derivation from, fitting to, or correspondence with any specific natural person, wherein said first mechanism requires said recorded asset of said identified natural person and no configuration of said second mechanism produces a voice corresponding to a specific natural person."
7,dependent,1,"The method of claim 1, further comprising: analysing a sensor feed under an explicit and revocable authorization of a requester in order to locate an object; classifying an object from a frame of said sensor feed; excluding from a candidate result set every classification result corresponding to a natural person or to an animal, such that no said classification result is surfaced to said requester at any ranking position; and representing a remaining said classification result as a session-scoped record not retained beyond an active session absent a separate explicit election to retain it."
8,dependent,1,"The method of claim 1, further comprising: determining that a confidence value of an inference derived from a plurality of said knowledge records falls below a configured threshold; identifying a knowledge record that, were it present, would raise said confidence value above said threshold; and generating a structured query directed to obtaining said identified knowledge record and presenting said structured query to a human, rather than returning said inference at said confidence value."
9,dependent,1,"The method of claim 1, further comprising, in an interval between delivery of a response and receipt of a subsequent query, retrieving into a buffer a set of knowledge records predicted from said response and from knowledge records retrieved for preceding queries of a common interaction; serving said subsequent query from said buffer where said subsequent query matches said prediction; and discarding said buffer, without modification to any said knowledge record, where said subsequent query does not so match."
10,dependent,1,"The method of claim 1, further comprising indexing an object classified from a sensor feed by a deterministic mapping from a planar position of said object to a cell of a hexagonal tiling, such that two objects occupying adjacent cells are retrievable as spatial neighbours by cell adjacency alone without a distance computation over their coordinates, and applying an identical said mapping to a position in an embedding space to index conceptual neighbours."
11,dependent,1,"The method of claim 1, wherein said safety classification is a bitmask field of said record schema, is immutable to an application programming interface caller, and is modifiable only in a direction of increased restriction absent a dual-approval operation, such that no code path reads a said knowledge record without also reading said safety classification."
12,dependent,1,"The method of claim 1, wherein said provenance chain is a Merkle directed acyclic graph, said checksum is a keyed checksum, and a mismatch between said checksum and a checksum recomputed over said operation and said safety evaluation indicates that a safety evaluation recorded for said operation differs from a safety evaluation that executed."
13,dependent,1,"The method of claim 1, wherein said plurality of distinct modalities comprises unstructured text, structured data, image, audio, video, sensor data, knowledge graph and code, and wherein content not matching any said modality is classified as unmatched and surfaced, and is not discarded without record."
14,dependent,13,"The method of claim 13, further comprising: detecting that a property of a perceived event is confirmed by two or more of said plurality of distinct modalities within a common temporal window; and assigning a knowledge record constructed for said property a confidence value strictly greater than a confidence value assigned to said property when confirmed by a single said modality alone, wherein a magnitude of the increase is a function of a temporal synchrony between the confirming modality streams."
15,dependent,1,"The method of claim 1, wherein said semantic fingerprint is computed over said canonicalized form after Unicode normalization and independently of a natural language of said content, such that a first said content expressing said semantic assertion in a first natural language and a second said content expressing said semantic assertion in a second natural language yield an identical said semantic fingerprint and converge on a single said knowledge record having two branches of said provenance chain."
16,dependent,1,"The method of claim 1, wherein said threshold function is of the form a_i(t+1) = sgn( Σ_j W_ij · a_j(t) − θ_i ), and wherein a number of distinct stable states said iterative updating is operated to hold is bounded at a fixed proportion of a number of knowledge records of said admitted set, such that convergence to a spurious mixed state is prevented by said bound rather than by filtering a result of said iterative updating."
17,dependent,1,"The method of claim 1, wherein said query is a turn of a multi-turn interaction, and wherein a knowledge record retrieved at a prior turn of said multi-turn interaction is weighted for said retrieving by a factor decreasing monotonically with a number of intervening turns d in proportion to 1/(1+d), and wherein a knowledge record whose said factor falls below a configured floor is released from a working-memory structure without being deleted from a persistent store of said knowledge records."
18,dependent,1,"The method of claim 1, wherein a knowledge record outside said scope description is absent from a traversal of said knowledge records rather than removed from a result of said traversal, such that an existence of said knowledge record is not inferable from a count, a ranking position or an elapsed time of said traversal."
19,dependent,1,"The method of claim 1, further comprising: representing a hypothetical state of said knowledge records as a delta object comprising a reference to a base state, a set of overriding knowledge records and a set of suppressed knowledge records, and not as a copy of said base state; assigning said hypothetical state a probability value; and removing said hypothetical state from evaluation, and discarding said delta object without modification to said base state, where said probability value falls below a configured pruning threshold."
20,dependent,19,"The method of claim 19, further comprising evaluating a single structured query across a plurality of said hypothetical states within one query operation, optionally restricted to a subset of said hypothetical states and optionally weighted by said probability value of each, and returning a result identifying, for each said hypothetical state, the knowledge records within it satisfying said query."
21,dependent,1,"The method of claim 1, further comprising: deriving a synthesized assertion from at least two said knowledge records, said synthesized assertion being stated by no single one of said at least two knowledge records; assigning said synthesized assertion a confidence value not exceeding a least confidence value among said at least two knowledge records; marking said synthesized assertion with a type identifier distinguishing it from an ingested said knowledge record; and delivering said synthesized assertion only with said type identifier preserved in said output text."
22,dependent,1,"The method of claim 1, further comprising evaluating a temporally-scoped rule set incrementally as a said knowledge record is appended, and maintaining a persistent index of contradictions in which an entry is created where two active rules of said rule set yield incompatible conclusions over a common said knowledge record, said index being queryable after delivery of said output text."
23,dependent,1,"The method of claim 1, further comprising, where no knowledge record of said candidate set satisfies said configured threshold, delivering a statement of said boundary together with a nearest available said knowledge record, and not generating said output text."
24,dependent,1,"The method of claim 1, further comprising: identifying a candidate modification to a subsystem executing said method, by monitoring scoped to said subsystem or by a request received from a human operator; evaluating said candidate modification in an isolated simulation environment; applying said candidate modification only upon an approval recorded against an identity of an individual human reviewer together with a stated reasoning of said reviewer; and rejecting said candidate modification where said subsystem is a member of a fixed enumerated set of subsystems, wherein said fixed enumerated set is not modifiable by a candidate modification identified or applied according to this claim."
25,dependent,24,"The method of claim 24, further comprising generating a machine-checked proof of a property of said candidate modification where said candidate modification targets a bounded non-Turing-complete program representation, and presenting said proof to said individual human reviewer as an input to said approval, wherein said proof does not effect said approval."
26,dependent,1,"The method of claim 1, further comprising metering each operation performed in said method as a bounded compute-accounting unit assigned to a category, and scheduling said compute-accounting units such that a unit assigned to a safety-evaluation category is served ahead of a unit of any other category whenever the two contend for a common processing resource, irrespective of an arrival order or a privilege of a requester."
27,dependent,26,"The method of claim 26, further comprising: completing said retrieving, said iteratively updating and said generating before invoking a selection of commercial content; supplying to said selection, as its sole input, a concept identifier resolved from said query together with identifiers of concepts adjacent thereto within one edge of a concept structure, each supplied read-only, said selection holding no write access to said retrieving, said iteratively updating or said generating; scoring a matched commercial candidate as a weighted combination of a relevance factor, an operator-configurable source-priority factor and a bid factor, said weights summing to unity; scheduling a compute-accounting unit of said selection below every unit assigned to said safety-evaluation category; and rendering a selected commercial content in a labeled region distinct from and not interleaved with said output text."
28,independent,,"A system comprising: one or more processors; and a memory storing instructions that, when executed by said one or more processors, cause the system to: construct a plurality of knowledge records, each said knowledge record encoding a single semantic assertion and comprising, within a single record schema, a confidence value maintained as a first parameter accumulating evidence supporting said semantic assertion and a second parameter accumulating evidence contradicting it and reported as a ratio of said first parameter to a sum thereof, a safety classification, a semantic fingerprint computed over a canonicalized form of said semantic assertion, and a reference into an append-only provenance chain; construct, responsive to a query received from a requester and before traversal, a scope description bounded by an access entitlement of said requester and by a time interval, such that a knowledge record outside said scope description is not traversable; retrieve a candidate set of said knowledge records from within said scope description and admit into an admitted set only those whose retrieval confidence satisfies a configured threshold; iteratively update an activation value of each knowledge record of said admitted set as a threshold function of a weighted sum of the activation values of the other knowledge records of said admitted set until a stable state is reached; construct a graph structure in which every edge references at least one knowledge record having a positive said activation value at said stable state; and generate output text under a constraint that a permissible output vocabulary at each generation step is limited to terms derivable from said edges, a candidate proposition not so derivable being rejected before output."
29,dependent,28,"The system of claim 28, wherein said instructions further cause the system to place a synchronous safety evaluation gate at each of a plurality of operation layers, such that an entry to the system at a first said operation layer does not avoid a said gate placed at a second said operation layer."
30,independent,,"A non-transitory computer-readable medium storing instructions that, when executed by one or more processors, cause the one or more processors to perform operations comprising: constructing a plurality of knowledge records, each said knowledge record encoding a single semantic assertion and comprising, within a single record schema, a confidence value maintained as a first parameter accumulating evidence supporting said semantic assertion and a second parameter accumulating evidence contradicting it and reported as a ratio of said first parameter to a sum thereof, a safety classification, a semantic fingerprint computed over a canonicalized form of said semantic assertion, and a reference into an append-only provenance chain whose nodes each carry a checksum computed over an operation and a safety evaluation recorded for said operation; retrieving, responsive to a query and from within a scope description constructed before traversal, a candidate set of said knowledge records; admitting into an admitted set only those knowledge records of said candidate set whose retrieval confidence satisfies a configured threshold; iteratively updating an activation value of each knowledge record of said admitted set as a threshold function of a weighted sum of the activation values of the other knowledge records of said admitted set until a stable state is reached; and generating output text under a constraint that a permissible output vocabulary at each generation step is limited to terms derivable from edges of a graph structure, each said edge referencing at least one knowledge record having a positive said activation value at said stable state, a candidate proposition not derivable from said edges being rejected before output in favour of a narrower proposition that is so derivable. **Ingestion-time question generation and the author supplemental layer (claims 31–39)**"
31,independent,,"A computer-implemented method for preparing a digital work for grounded interactive query, the method comprising: receiving, at a portal and bound to a verified author identity, a digital work submitted by an author; performing a rights validation on said digital work and withholding ingestion of said digital work until said rights validation returns a cleared status; extracting from said digital work a plurality of knowledge records, each said knowledge record encoding a single semantic assertion and comprising, within a single record schema, a confidence value maintained as a first parameter accumulating evidence supporting said semantic assertion and a second parameter accumulating evidence contradicting it and reported as a ratio of said first parameter to a sum thereof, a safety classification, a semantic fingerprint and a reference into an append-only provenance chain; generating, before receipt of any query directed to said digital work, a plurality of candidate questions by traversing each said knowledge record together with concept-mesh neighbours of said knowledge record, each said candidate question being answerable by at least one said knowledge record; scoring each said candidate question by a coverage measure computed over the knowledge records from which said candidate question was derived, and retaining in a persistent question index associated with said digital work only those candidate questions whose coverage measure satisfies a configured floor; computing, for each retained question and before receipt of any query, an answer assembled from exactly the knowledge records from which said retained question was derived and from no other knowledge record, assigning said answer a confidence value not exceeding a least confidence value among said contributing knowledge records, and storing said answer as a persistent pre-computed answer record carrying a provenance tag distinguishing it from a directly-ingested knowledge record together with an identifier of each said contributing knowledge record; receiving a query and matching said query against said question index prior to performing a traversal of said knowledge records; returning, where a match similarity of said query against a retained question satisfies a configured threshold and no contributing knowledge record of the corresponding pre-computed answer record has been revised since said answer was computed, said pre-computed answer record together with a citation to each said contributing knowledge record; and performing, where either said match similarity or said revision condition is not satisfied, a traversal of said knowledge records and a generation of a response therefrom."
32,dependent,31,"The method of claim 31, further comprising: receiving from said author, subsequent to said extracting, supplemental content concerning said digital work; converting said supplemental content into one or more knowledge records carrying a tag identifying said knowledge records as author-supplemental and carrying said author as an attributed source; making said knowledge records available to each reader holding an entitlement to said digital work without alteration of the rights validation status of said digital work; and regenerating each retained question and each pre-computed answer record whose contributing knowledge records are affected by said converting."
33,dependent,32,"The method of claim 32, wherein a said author-supplemental knowledge record participates in said generating of candidate questions on the same terms as a knowledge record extracted from said digital work, such that a candidate question answerable only by reference to said supplemental content is generated and is eligible for retention in said question index."
34,dependent,31,"The method of claim 31, wherein a said candidate question generated by traversal across two or more said knowledge records is a question that no single one of said two or more knowledge records answers alone."
35,dependent,31,"The method of claim 31, wherein the citation returned with a said pre-computed answer record identifies the identical set of knowledge records from which said answer was computed, such that an answer returned from said question index is traceable to the same degree as a response generated by said traversal."
36,dependent,31,"The method of claim 31, further comprising marking as stale each entry of said question index whose contributing knowledge record has been revised, and excluding a stale entry from return until said entry has been recomputed, wherein staleness is determined by said revision and not by an elapsed time since computation."
37,dependent,31,"The method of claim 31, further comprising computing, at a time of committing a said knowledge record and before receipt of any query, a forward inference chain enabled by said knowledge record, and storing a conclusion of said forward inference chain as a derived-inference record carrying a provenance tag identifying it as derived, such that a retained question whose answer depends on said forward inference chain is answerable without performing said forward inference chain at a time of said query."
38,dependent,37,"The method of claim 37, wherein said derived-inference record is traceable to the knowledge records whose logical entailment said derived-inference record represents, and is not traceable to a single source passage of said digital work."
39,dependent,31,"The method of claim 31, wherein said question index is scoped to said digital work such that no pre-computed answer record of said question index is assembled from a knowledge record extracted from a different digital work, and wherein the contributing-record set of a said pre-computed answer record is fixed at a time of computation and is not extendable at a time of return. **Retrieval-phase boundary and sampling criticality control (claims 40–44)**"
40,dependent,16,"The method of claim 16, further comprising: maintaining a load ratio equal to a number of distinct stable configurations the iterative updating is operated to hold divided by a number of units; comparing, before admitting a further stable configuration, a resulting value of said load ratio against a configured operating ceiling, said operating ceiling being strictly below a retrieval-phase boundary at which stable retrieval configurations of said iterative updating cease to exist discontinuously; refusing said admitting where said resulting value would equal or exceed said operating ceiling; and initiating instead a consolidation of existing stable configurations, wherein said refusing is recorded as an entry in said provenance chain."
41,dependent,40,"The method of claim 40, wherein said configured operating ceiling is set within a first regime in which stable retrieval configurations are global minima of an energy function of said iterative updating, rather than within a second regime, lying between said first regime and said retrieval-phase boundary, in which stable retrieval configurations remain dynamically stable but are local minima while other configurations hold said global minima."
42,dependent,41,"The method of claim 41, wherein operation within said second regime requires a deployment election recorded with an identity of an operator who made it, and wherein absent said deployment election said configured operating ceiling remains within said first regime."
43,dependent,4,"The method of claim 4, wherein said inverse-temperature parameter is exposed as an operator-configurable control having at least a first setting under which said sampling concentrates selection on highest-scoring candidates, a second setting under which said sampling broadens selection across candidates of comparable score, and a third setting under which said sampling approaches uniform selection irrespective of score; and wherein a value of said inverse-temperature parameter in effect for a given generation of candidate hypotheses is recorded in said provenance chain with an identity of the operator who set it, such that said generation is reproducible from said recorded value."
44,dependent,43,"The method of claim 43, wherein no value of said inverse-temperature parameter causes an output of said sampling to be admitted to said retrieving or to said generating of output text, and wherein no process of the system is configured to adjust said inverse-temperature parameter toward any value on the basis of the system's own prior outputs. **Concept inheritance, exception override and inverse traversal (claims 45–49)**"
45,independent,,"A computer-implemented method for resolving an attribute of a concept in a knowledge system, comprising: maintaining a graph of concept nodes connected by typed edges including a subsumption edge type and an attribute edge type; determining that a first concept node is connected to a second concept node by a subsumption edge and that said second concept node is connected to an attribute by an attribute edge; assigning said attribute to said first concept node by inheritance, together with a tag identifying said second concept node as an origin of said attribute and a depth of said subsumption edge; computing a confidence value for said inherited attribute as a product of confidences of the subsumption edges traversed and a confidence of said attribute at said second concept node, bounded above by a least of said confidences; performing said assigning at a time of traversal without writing said attribute to said first concept node as stored state; and returning, with any output relying on said inherited attribute, a citation identifying said second concept node and said subsumption edges traversed."
46,dependent,45,"The method of claim 45, further comprising: determining that said first concept node asserts a second attribute directly, said second attribute conflicting with said inherited attribute; applying said second attribute to said first concept node and suppressing said inherited attribute for said first concept node and for every concept node subordinate to said first concept node; and leaving an attribute of said second concept node unmodified and inherited by every concept node subordinate to said second concept node that does not itself assert a conflicting attribute."
47,dependent,46,"The method of claim 46, wherein, where a first inherited attribute and a second inherited attribute conflict and are inherited from concept nodes at differing subsumption depths, the attribute inherited from the lesser depth governs; and wherein, where said differing depths are equal, no resolution is performed, an entry is created in a persistent contradiction index, and an output relying on said attribute reports both values together with their respective originating concept nodes."
48,dependent,46,"The method of claim 46, wherein an assertion suppressing an inherited attribute is recorded with an identity of an ingestion event or a reviewer that produced it, and wherein a set of concept nodes suppressing a given attribute of a given concept node is retrievable as a query result."
49,dependent,45,"The method of claim 45, further comprising traversing a typed edge in a reverse direction by resolving an inverse predicate declared in a schema of said edge's predicate at a time of traversal, without storing a second edge representing said reverse direction; and refusing said traversing, and reporting an absent inverse declaration, where said predicate declares no inverse predicate. **Wording-operative spans and idiom equivalence (claims 50–53)**"
50,independent,,"A computer-implemented method for generating output in a target language from knowledge records, comprising: constructing knowledge records each encoding a semantic assertion and each carrying a language-independent semantic fingerprint; generating output text in a target language by realizing said knowledge records under a constrained vocabulary, without reference to a surface form of a source content from which said knowledge records were constructed; determining that a first knowledge record is marked as wording-operative; reproducing, for said first knowledge record, a source span of said source content in a source language of said source span rather than realizing said first knowledge record under said constrained vocabulary; generating a gloss of said source span in said target language and marking said gloss as non-operative; and exempting said reproduced source span, and no other span of said output text, from a groundedness rewriting applied to said output text."
51,dependent,50,"The method of claim 50, further comprising withholding said reproducing where a rights validation of said source content does not permit reproduction of said source span, and delivering said gloss alone together with an indication that operative wording is not reproducible under an applicable right, wherein a fact extracted from said source content into a knowledge record remains available irrespective of said withholding."
52,dependent,50,"The method of claim 50, further comprising: determining, at a time of constructing a knowledge record from a source span, that a compositional reading of said source span and an attested reading of said source span registered in a concept structure diverge by more than a configured threshold; recording in said knowledge record said attested reading rather than said compositional reading, together with a marking identifying said knowledge record as idiom-derived and an identifier of said source span; and realizing said knowledge record in said target language using a target-language expression registered in said concept structure for said attested reading."
53,dependent,52,"The method of claim 52, further comprising, where no target-language expression is registered in said concept structure for said attested reading, realizing said attested reading literally together with an indication that said source span expressed said attested reading idiomatically, and refraining from selecting a target-language expression on a basis of surface similarity to said source span. **Linguistic resource registry and derived-artifact-only ingestion (claims 54–57)**"
54,dependent,12,"The method of claim 12, further comprising: maintaining a registry of externally-sourced linguistic resources consulted by said extraction stages, each registration recording an identifier and version of a resource, a licensor, a licence instrument, a permitted-use scope, a redistribution permission, an attribution requirement, and an ingestion mode; withholding consultation of a resource by any said extraction stage until said resource is registered; refusing registration where said permitted-use scope does not encompass an intended use declared by an operator; and recording each registration and each refusal as an entry in said provenance chain."
55,dependent,54,"The method of claim 54, further comprising associating with each artifact derived from a registered resource a reference to said registration, and enforcing, at each point at which said artifact would be redistributed or exposed, a derivative condition imposed by the licence instrument of said registration; and wherein, where two registered resources impose conflicting derivative conditions on a common artifact, said artifact is marked non-redistributable and said conflict is recorded, rather than being resolved by selection of a less restrictive condition."
56,dependent,54,"The method of claim 54, wherein a resource registered in a derived-artifact-only ingestion mode is consulted to compute an aggregate quantity over said resource, said aggregate quantity is retained, and no span of text of said resource is retained in a knowledge record, an index or a cache, or reproduced in an output; and further comprising verifying compliance by determining that a count of retained source spans attributable to a resource registered in said mode is zero, and surfacing a non-zero said count as a compliance failure."
57,dependent,56,"The method of claim 56, wherein said aggregate quantity comprises at least one of a term frequency, a collocation strength, a part-of-speech distribution and a morphological paradigm, and wherein retention of said aggregate quantity and non-retention of said span implement a distinction between a fact about said resource and an expression contained in said resource. **Session modes, annotation, bounded programs, authoring, immersive presentation, infrastructure and governance (claims 58–107)**"
58,dependent,1,"The method of claim 1, wherein said generating is performed in a selected one of a plurality of session modes, each said session mode applying a distinct composition rule to a common said stabilized set, and wherein no said session mode admits into said output text a proposition not derivable from said stabilized set."
59,dependent,58,"The method of claim 58, wherein in a first said session mode a candidate set retrieved at each turn is conditioned on knowledge records accumulated across preceding turns of a common interaction, such that a reference resolved at a preceding turn remains resolved without restatement."
60,dependent,58,"The method of claim 58, wherein in a second said session mode a viewpoint attested within ingested content is adopted for composition, said viewpoint being marked as attributed to said content and not as a position of the system, and wherein a proposition supporting said viewpoint that is not derivable from said stabilized set is rejected."
61,dependent,58,"The method of claim 58, wherein in a third said session mode said stabilized set is ordered into a sequence of instructional steps by a dependency relation among said knowledge records, each said step citing the knowledge record from which it was composed."
62,dependent,58,"The method of claim 58, further comprising generating an assessment item from a target knowledge record of said stabilized set, receiving a submitted response, and scoring said submitted response by a semantic similarity of said response to the content of said target knowledge record against a configured threshold, wherein said assessment item and a lesson delivered in another said session mode are generated from a common set of said knowledge records."
63,dependent,58,"The method of claim 58, wherein in a fourth said session mode said stabilized set is ordered by a temporal anchor field of each said knowledge record, and a knowledge record lacking a temporal anchor is reported as unordered rather than assigned a position."
64,dependent,1,"The method of claim 1, further comprising comparing a first set of knowledge records associated with a first edition of a work against a second set associated with a second edition by traversing a supersession chain of each said knowledge record, and reporting each compared element as changed or unchanged together with the knowledge records constituting each said edition."
65,dependent,58,"The method of claim 58, further comprising deriving from a single said knowledge record a prompt portion and an answer portion of a study item, said answer portion being the content of said knowledge record rather than a restatement of it, and scheduling a subsequent presentation of said study item at an interval computed as a prior interval scaled by an ease factor where a recorded recall quality satisfies a configured floor."
66,dependent,1,"The method of claim 1, further comprising storing reader-authored content as a knowledge record whose access control list determines its visibility, wherein a first said access control list restricts visibility to the authoring reader, a second is set from a sharing configuration declared by an author of the work, and a third is scoped to a class roster held by an instructor, and wherein a reader-authored said knowledge record is distinguished by type from a knowledge record extracted from said work and is not admitted to said stabilized set as content of said work."
67,dependent,66,"The method of claim 66, further comprising routing a submitted post into one of a plurality of discussion partitions determined by a role held by the submitting identity and by a scope of a work or a class associated with said partition, and applying to said post the same safety evaluation applied to a said knowledge record."
68,dependent,1,"The method of claim 1, further comprising condensing an interaction session into a session archive record retained by default at session end, and providing an erasure operation exercisable by the requester at a session scope, a work scope and an account scope, wherein exercise of said erasure operation at said account scope where a reader-held encryption key governs said records is effected by destruction of said key record."
69,dependent,68,"The method of claim 68, further comprising clustering a plurality of said session archive records of a common requester by proximity of an aggregate semantic vector of each, and reporting a concept appearing in session archive records associated with two or more distinct works as a cross-work connection cited to the knowledge records in which said concept appears."
70,dependent,1,"The method of claim 1, further comprising rendering a citation of said output text in a selected one of a plurality of presentation forms comprising a graph rendering of knowledge records and edges within a scope, a preview of a cited knowledge record surfaced without leaving a current view, and an inline dismissible annotation, wherein each said presentation form resolves to the same knowledge record identified by said citation and none introduces a proposition absent from said stabilized set."
71,dependent,1,"The method of claim 1, further comprising compiling a natural-language instruction into a bounded program by decomposing said instruction into operational intents before binding any intent to a concrete entity, binding each said intent to a concrete type and predicate reference by an entity resolution common to said extracting, and halting said compiling and returning a clarification request where a said binding is ambiguous rather than selecting among candidate bindings."
72,dependent,71,"The method of claim 71, wherein said bounded program is expressed in a primitive set comprising a fixed number of read primitives, a single state-changing primitive subject to said safety evaluation, and a single iteration primitive enforcing a runtime iteration ceiling, such that said bounded program is not Turing-complete in an unbounded sense and its termination is enforced by said runtime rather than by convention."
73,dependent,1,"The method of claim 1, wherein said knowledge records are maintained in a committed layer and an in-memory overlay reconciled on a fixed interval, a knowledge record in said overlay carrying a provisional reference into said provenance chain that is finalized and never altered on completion of a durable write, and wherein said retrieving reads said committed layer overlaid with matching entries of said overlay."
74,dependent,73,"The method of claim 73, further comprising registering a said bounded program with a trigger condition, evaluating said trigger condition against each change to said overlay, and re-applying said safety evaluation to said bounded program on each firing rather than only at registration."
75,dependent,1,"The method of claim 1, further comprising accumulating knowledge records incrementally as a draft is edited, versioning each edit through said supersession chain, and detecting a concurrent-write divergence between two authors by comparing a head of said supersession chain held by each, wherein divergence is reported for resolution and neither write is discarded."
76,dependent,75,"The method of claim 75, further comprising evaluating a draft's own knowledge records against one another under said rule set and reporting a continuity defect where two said knowledge records of said draft yield incompatible conclusions concerning a common subject."
77,dependent,75,"The method of claim 75, further comprising constructing from a current state of said draft a hypothetical-state branch represented as a delta object referencing a base state and retaining both said current state and said branch, such that exploration of an alternative does not modify said draft."
78,dependent,1,"The method of claim 1, further comprising accepting a submitted work into a publication workflow, validating a right to distribute said work before any said extracting is performed, and withholding said extracting until said validating returns a cleared status."
79,dependent,1,"The method of claim 1, further comprising serializing every knowledge record to which a requesting identity holds a right into an open interchange format on request, wherein said serializing is not conditioned on a continuing entitlement and no access to said records is withdrawn by reason of said serializing."
80,dependent,1,"The method of claim 1, further comprising generating an accessible-equivalent knowledge record from the same source content and at the same production stage as the knowledge record it accompanies, and reporting a production as incomplete where a said accessible-equivalent record is absent."
81,dependent,1,"The method of claim 1, further comprising inferring a colour value for a region of visual content lacking reliable colour information from a material and lighting classification of said region recorded as a knowledge record, wherein said inferring is deterministic and each inferred colour is traceable to the knowledge record from which it was inferred."
82,dependent,1,"The method of claim 1, further comprising instantiating a three-dimensional rendering of a scene from knowledge records carrying spatial detail, and withholding said instantiating where the spatial detail carried by said knowledge records does not satisfy a configured sufficiency threshold, rather than supplying absent spatial detail."
83,dependent,81,"The method of claim 81, further comprising representing a reference colour as a knowledge record carrying a declared tolerance, and applying a fixed rule set to geometry and constraint knowledge records to produce a geometric conclusion together with a citation of each said record relied upon."
84,dependent,1,"The method of claim 1, further comprising emitting a device output on a sensory channel only in response to an explicit user action tied to a sensory profile authored for specific content, wherein no said emitting is triggered by a state inferred by the system."
85,dependent,1,"The method of claim 1, further comprising routing a knowledge record between subsystems by its type and by a subscription declared by a receiving subsystem, and serializing a said knowledge record to a binary frame format permitting resynchronization to a frame boundary without reparsing a preceding frame."
86,dependent,1,"The method of claim 1, further comprising assigning each knowledge record to one of a plurality of storage tiers by an access recency and frequency of said record, and reconciling a divergence between an offline replica and an online state deterministically on reconnection, wherein a reconciliation outcome is a function of said divergence alone and not of an order in which replicas reconnect."
87,dependent,1,"The method of claim 1, wherein said scope description is resolved from a union of roles held by a requesting identity together with a time-scoped grant, and further comprising verifying against a seat count and an entitlement associated with an organizational licence at a time of executing a query rather than at a time of authenticating said identity."
88,dependent,26,"The method of claim 26, further comprising deploying an approved change in successive stages rather than in a single operation, wherein progression to each successive stage is conditioned on an approval recorded against an identity of an individual human reviewer together with a stated reasoning of said reviewer."
89,dependent,1,"The method of claim 1, wherein said method is performed identically in each of a plurality of deployment modes comprising a multi-tenant hosted mode, a single-tenant local mode and a single-device mode, and wherein output is rendered by a reading system conformant to a published electronic publication standard without alteration of said constraint on said permissible output vocabulary."
90,dependent,21,"The method of claim 21, further comprising organizing said knowledge records, a concept structure and said provenance chain as a single addressable structure over which said scope description is resolved, and analyzing a candidate set retrieved for a query to determine a distribution of types, confidences and source categories used to select a composition rule for said output text."
91,dependent,1,"The method of claim 1, further comprising persisting an abstraction derived from a plurality of said knowledge records in a store distinct from said knowledge records, said store retaining a generalized concept and discarding the specific episode from which it was derived, and reducing raw perceptual input to a concept-level record before admission to said store."
92,dependent,91,"The method of claim 91, further comprising receiving sensor data from an autonomous agent, admitting said data through said extracting to produce knowledge records, and returning structured knowledge to said agent, wherein no raw sensory episode from said agent is retained in said store."
93,dependent,91,"The method of claim 91, further comprising constructing a first concept representation from perceptual input independently of language and a second concept representation from ingested language, and fusing said representations into a single concept on a co-occurrence of a label and a perceived object confirmed by a semantic consistency check, wherein a single said co-occurrence produces a provisional binding and a concept is finalized only after a configured number of consolidating observations."
94,dependent,93,"The method of claim 93, further comprising assigning each object classified from a common frame a salience value normalized against a sum of the salience values of the objects classified from said frame, wherein said normalizing governs presentation order only and every classified object remains an addressable record."
95,dependent,93,"The method of claim 93, further comprising estimating a camera ego-motion from an aggregate optical-flow field and subtracting said ego-motion from a region motion vector before segmentation; elevating a confidence of a property confirmed across concurrent modalities within a common temporal window; and maintaining continuity of a single object record across a full occlusion of said object within a session."
96,dependent,93,"The method of claim 93, wherein said fusing further applies, as evidence-overridable signals, an inference from an observable gaze direction of a speaker, a preference for interpreting a label as naming a whole object rather than a part or property, and a preference for binding a new label to an object not already carrying a bound label."
97,dependent,1,"The method of claim 1, further comprising applying a moderation action to target content and recording said action with an identity of the acting moderator and a stated reason, and accepting from an affected identity an appeal referencing the provenance chain entry of said action, said appeal being evaluated by a reviewer other than said acting moderator."
98,dependent,68,"The method of claim 68, further comprising clearing, on an explicit instruction received during an active session, an accumulated query-and-response record of said session immediately and without producing a condensed retained form, and recording said clearing in said provenance chain without retaining any portion of the cleared content."
99,dependent,1,"The method of claim 1, further comprising extracting a prosodic feature from live audio only where a session-scoped consent is active, supplying said feature as an optional trigger to a clarification request, and discarding said feature at session end absent a separate election to retain it."
100,dependent,22,"The method of claim 22, further comprising reporting a documented editorial position of a source and a quantified composition measure of said source as cited knowledge records, and refraining from generating a conclusory characterization of said source not itself derivable from a said knowledge record."
101,dependent,1,"The method of claim 1, further comprising extracting a discrete factual assertion from a reference work as a knowledge record while withholding reproduction of the reference work's own expression, and processing an image accompanying said reference work under a separate rights validation rather than under said extracting."
102,dependent,71,"The method of claim 71, further comprising matching a plain-language request against a library of application templates by task and domain and instantiating a matched template scoped to a set of said knowledge records, and constructing a compilation of a requester's works as a delta reference over said works without copying an underlying knowledge record."
103,dependent,1,"The method of claim 1, further comprising storing an instructor-selected structural parameter set as a reusable assessment template applied to knowledge records of a work, and exposing to a grantee a read-only view of each active grant held over said grantee, wherein said view confers no capability to create or modify a grant."
104,dependent,24,"The method of claim 24, further comprising applying a platform configuration change through a declarative configuration language, said change being versioned and recorded in said provenance chain on the same terms as any other change; and pausing execution at a pipeline stage boundary to expose knowledge record bindings, safety evaluation results and compute-accounting measurements of an actual execution rather than of a simulation."
105,dependent,1,"The method of claim 1, further comprising constructing a goal or motivation record carrying a mandatory reference to a documented subject, wherein no said record is constructed concerning an internal state of the system performing the method; and selecting a vocabulary, structural format and explanatory depth for said output text from an audience profile, wherein a knowledge record relied upon is not altered by said selecting."
106,dependent,1,"The method of claim 1, further comprising dispatching a scheduling or invitation operation to an external platform registered with a capability declared by said external platform, and aggregating usage and distribution records for a work into a report, wherein neither operation admits a knowledge record bypassing said safety evaluation."
107,dependent,26,"The method of claim 26, further comprising measuring a stated design-target figure by a reproducible benchmark expressed in said compute-accounting units, and retracting said stated figure where said measuring does not confirm it, wherein said retracting is recorded in said provenance chain. **Behavioural probing and analysis quarantine (claims 108–112)**"
108,dependent,2,"The method of claim 2, further comprising: submitting an identical input to an external system a plurality of times through a connector interface under a capability declared by said external system; computing a semantic fingerprint of each output received, said semantic fingerprint being computed over a canonicalized form of a semantic assertion and independently of a natural language of said output; determining a proportion of said outputs sharing a common said semantic fingerprint; recording said proportion together with a corresponding proportion measured for said generating of output text on the identical input; and withholding said recording as incomplete where said corresponding proportion is absent."
109,dependent,108,"The method of claim 108, further comprising evaluating two said outputs having differing semantic fingerprints against one another under a temporally-scoped rule set evaluated incrementally as a knowledge record is appended, and recording a contradiction between two outputs responsive to an identical input as a finding distinct from a difference in semantic fingerprint absent a contradiction."
110,dependent,38,"The method of claim 38, further comprising: submitting an output received from an external system back to said external system as an input under a fixed template; repeating said submitting to a configured iteration ceiling and recording a semantic fingerprint of the output of each iteration; and classifying the resulting sequence of semantic fingerprints into exactly one of a converged classification in which successive fingerprints become identical, a periodic classification in which said sequence repeats with a fixed period, a drifting classification in which a measured semantic distance from an initial output increases monotonically, and an unresolved classification where said ceiling is reached, wherein said classifying is performed on said sequence alone and no output is generated asserting a cause of said classification or a property of an internal mechanism of said external system."
111,dependent,38,"The method of claim 38, further comprising: constructing a family of inputs from a base input by applying a perturbation and retaining in said family only an input whose semantic fingerprint is identical to that of said base input; submitting each member of said family to an external system; and determining a proportion of the resulting outputs sharing a common semantic fingerprint, wherein an input whose perturbation alters said semantic fingerprint is excluded from said family before said submitting."
112,dependent,2,"The method of claim 2, wherein a knowledge record containing an output of an external system, and a knowledge record derived from such a record, are excluded from said scope description constructed for a query other than a query directed to said records, such that said records are not traversable for said other query rather than being removed from a result of a traversal thereof; and wherein said records are further excluded from a persistent question index and from a store of concept abstractions. **Attestation horizon and retrospective forecast calibration (claims 113–118)**"
113,independent,,"A computer-implemented method for measuring forecast accuracy of a knowledge system, comprising: maintaining a plurality of knowledge records, each said knowledge record encoding a semantic assertion and comprising a temporal anchor identifying an interval over which said semantic assertion holds, an attestation time identifying when said semantic assertion was first recorded by a source of said knowledge record, and a reference into an append-only provenance chain; identifying an event record having an event time and a recorded outcome; selecting a horizon interval preceding said event time; constructing, before any traversal of said knowledge records, a scope description admitting a said knowledge record if and only if said attestation time of said knowledge record is earlier than said event time less said horizon interval, wherein said temporal anchor is not consulted in said admitting and a knowledge record whose attestation time is not established from documented source metadata is excluded from said scope description; executing a forecasting operation against only the knowledge records admitted by said scope description, said forecasting operation producing a predicted outcome and a probability assigned to said predicted outcome; computing an error term from said assigned probability and said recorded outcome; and storing said error term together with said horizon interval, a domain of said event record, and an identifier of each knowledge record admitted by said scope description."
114,dependent,113,"The method of claim 113, wherein a knowledge record excluded by said scope description is not traversable during said forecasting operation rather than being removed from a result of a traversal thereof, such that said excluded knowledge record does not affect a candidate count, a retrieval ordering, a convergence of an iterative stabilization, or a permissible output vocabulary of said forecasting operation."
115,dependent,113,"The method of claim 113, wherein, where a documented creation date of a source of a said knowledge record is contested among a plurality of candidate dates, a latest of said candidate dates is used as said attestation time, such that uncertainty in said attestation time resolves toward exclusion from said scope description."
116,dependent,113,"The method of claim 113, further comprising repeating said selecting, said constructing, said executing and said computing for a plurality of differing horizon intervals preceding a common said event time, and deriving a measure of variation of said error term with said horizon interval within a domain."
117,dependent,113,"The method of claim 113, further comprising determining, over a plurality of said error terms whose assigned probabilities fall within a common band, a proportion of corresponding recorded outcomes that occurred, and reporting a divergence between said proportion and said band as a calibration finding applicable to a confidence interval subsequently rendered by said forecasting operation."
118,dependent,113,"The method of claim 113, wherein a subject of said event record is one of an institution, an organisational process, a system and an aggregate group, and wherein construction of a record storing said error term is refused where said subject resolves to an individual natural person, said refusal occurring at construction rather than by restriction of access to a constructed record. **Event type catalogue, environment vectors and causal validation (claims 119–124)**"
119,dependent,1,"The method of claim 1, further comprising: maintaining a catalogue of event type definitions, each said event type definition comprising an identifier immutable from registration, a version, a placement resolving against a plurality of independent taxonomic hierarchies of a concept structure, a prose definition stating both occurrences covered and occurrences excluded, and a machine definition specifying for said event type which fields of a knowledge record are required, which are optional and which are forbidden; requiring a knowledge record encoding an occurrence to reference an identifier of said catalogue rather than a free-text category; and refusing construction of a knowledge record that does not satisfy the machine definition of the event type it references, said refusing occurring at construction rather than by marking a constructed record."
120,dependent,119,"The method of claim 119, wherein a knowledge record constructed under a first version of an event type definition remains valid under said first version and is not invalidated by registration of a subsequent version, and wherein a required-field set of an event type definition may be narrowed by a subsequent version and may not be widened absent registration of a distinct event type."
121,dependent,1,"The method of claim 1, further comprising: constructing an environment record representing a state relative to which a plurality of said knowledge records hold, said environment record comprising an identifier derived from a hash of a canonicalized set of conditions, a temporal interval, a set of typed conditions whose keys resolve against a concept structure, and a confidence value and a reference into said provenance chain of its own; referencing said environment record from a knowledge record through an annotation of said knowledge record rather than through a field of a schema of said knowledge record; and converging two constructions yielding an identical said canonicalized set of conditions on a single said environment record having two branches of said provenance chain."
122,dependent,121,"The method of claim 121, further comprising superseding said environment record through a supersession chain, wherein every knowledge record referencing said environment record resolves to a superseding environment record on a subsequent traversal without modification of said knowledge records."
123,dependent,1,"The method of claim 1, further comprising admitting an edge asserting that a first knowledge record describes a causal factor for an occurrence described by a second knowledge record only where a temporal anchor of said first knowledge record does not begin after a temporal anchor of said second knowledge record begins, refusing said edge otherwise, and recording a refused said edge in a persistent contradiction index; and wherein an edge asserting temporal ordering between two knowledge records is not converted into a said causal edge by any automated process."
124,dependent,123,"The method of claim 123, wherein a causal chain is expressed as a membership of a plurality of said knowledge records in a common bundle together with said causal edges among said knowledge records, and wherein a length of said chain, a root of said chain and an outcome of said chain are computed from said membership and said edges at a time of query rather than stored as fields of a chain record. **Confidence as a Beta posterior (claims 125–129)**"
125,dependent,1,"The method of claim 1, further comprising, on receipt of a further knowledge record bearing on said semantic assertion, incrementing one of said first and second parameters by a weight derived from a source reliability of said further knowledge record, such that a magnitude of change in said reported confidence value decreases as a sum of said first and second parameters increases without a rule conditioned on said sum; and admitting said weight as a fractional quantity rather than as an integer count."
126,dependent,125,"The method of claim 125, further comprising initialising said first and second parameters for a concept node from a stability weight of said concept node, wherein said stability weight determines a sum of said parameters and said confidence value determines a ratio between them, such that a concept node having a greater stability weight requires a greater quantity of contradicting evidence to effect an equal change in said reported confidence value."
127,dependent,125,"The method of claim 125, further comprising computing a credible interval for said reported confidence value from said first and second parameters, wherein two knowledge records having an identical said reported confidence value and differing sums of said parameters yield differing said credible intervals."
128,dependent,125,"The method of claim 125, further comprising applying a temporal decay to said first and second parameters toward respective initial values at a rate configured per record type, such that an elapsed interval widens a credible interval computed from said first and second parameters while leaving said reported confidence value substantially unchanged, and wherein a record type designated immutable is assigned a decay rate of zero."
129,dependent,125,"The method of claim 125, wherein said incrementing is performed by addition in closed form without sampling from a probability distribution, such that a given set of said further knowledge records yields an identical said reported confidence value irrespective of an order in which said further knowledge records are received. **Precision-weighted error propagation (claims 130–133)**"
130,dependent,125,"The method of claim 125, further comprising: determining that a first knowledge record contradicts an expectation generated by an attribute of a concept node; computing a first dispersion from the first and second parameters of said first knowledge record and a second dispersion from the parameters of said attribute; computing a revision gain as a ratio of said second dispersion to a sum of said first and second dispersions; and revising said attribute by said revision gain multiplied by a configured maximum revision, such that a contradicting knowledge record resting on less accumulated evidence effects a smaller revision of said concept node than one resting on more, irrespective of a difference between their reported confidence values."
131,dependent,130,"The method of claim 130, wherein two knowledge records having an identical said reported confidence value and differing sums of said parameters yield differing said revision gains against a common attribute."
132,dependent,130,"The method of claim 130, further comprising withholding revision of said attribute where said revision gain falls below a configured floor, and recording each withheld contradiction in a persistent contradiction index such that a plurality of individually-withheld contradictions of a common attribute remains queryable."
133,dependent,130,"The method of claim 130, wherein said revision gain is computed in closed form from stored parameters without sampling from a probability distribution, and wherein said revision gain governs revision of said concept node and does not govern a permissible output vocabulary of said generating, such that a proposition not derivable from an admitted knowledge record remains unavailable to said generating irrespective of any value of said revision gain. **Physical constraint enforcement in scene completion (claims 134–138)**"
134,dependent,1,"The method of claim 1, further comprising: maintaining a registry of physical constraints, each said physical constraint comprising a residual expression over quantities of a scene description, a tolerance, a unit system, an applicability predicate, and a reference into said provenance chain identifying a source establishing said physical constraint; generating from a partial scene description a candidate completion in which a field absent from said partial scene description is supplied; evaluating each said physical constraint whose applicability predicate is satisfied by said candidate completion by computing said residual expression over said candidate completion; refusing said candidate completion where a computed said residual exceeds a corresponding said tolerance; and regenerating a further candidate completion in which a field implicated in said refusing is left unspecified, such that a completion carrying an unspecified field is returned in preference to a completion exceeding said tolerance."
135,dependent,134,"The method of claim 134, wherein a refused said candidate completion is excluded from a ranked output irrespective of a plausibility score computable for it, and wherein said evaluating of said physical constraints is performed before computation of said plausibility score."
136,dependent,134,"The method of claim 134, further comprising recording a refusal as a queryable record identifying said physical constraint, said computed residual, said tolerance and a field implicated, such that a proportion of candidate completions refused by a given said physical constraint within a domain is determinable."
137,dependent,134,"The method of claim 134, wherein a said physical constraint whose applicability predicate is not satisfied by a said candidate completion is not evaluated against said candidate completion and said non-evaluation is recorded; and wherein a confidence value of a said physical constraint is maintained as a first parameter accumulating supporting evidence and a second parameter accumulating contradicting evidence and said physical constraint is suspended from said evaluating, without deletion, where said confidence value falls below a configured floor."
138,dependent,134,"The method of claim 134, wherein an ingested knowledge record whose content is inconsistent with a said physical constraint is admitted and recorded in a persistent contradiction index rather than refused, such that said refusing applies to a generated said candidate completion and does not apply to an observation. **Surfaces, extensibility and external integration (claims 139–156)**"
139,dependent,1,"The method of claim 1, further comprising exposing a plurality of programmatic interfaces to an external caller, wherein each said interface resolves a scope description for said external caller before performing a traversal of said knowledge records, no parameter of any said interface widens a said scope description, a request for a knowledge record outside said scope description yields a response identical to that for a non-existent knowledge record, and each said interface constitutes an operation layer carrying a synchronous safety evaluation gate."
140,dependent,139,"The method of claim 139, wherein an interface reporting an entitlement performs no operation granting, modifying or extending an entitlement, and wherein an interface accepting an input admits said input through said extracting with said safety evaluation and accepts no knowledge record directly."
141,dependent,139,"The method of claim 139, further comprising metering each call to a said interface as a bounded compute-accounting unit assigned to a calling identity, and refusing a call exceeding a budget configured for said calling identity rather than serving said call at a reduced scheduling priority."
142,dependent,139,"The method of claim 139, further comprising registering a plugin component against a declared capability set, wherein said plugin component accesses said knowledge records only through a said interface and within a scope description of an identity on whose behalf said plugin component executes, holds no direct access to a store of said knowledge records or to said provenance chain, and is refused at registration where said declared capability set includes an operation registering, modifying or suspending a said safety evaluation."
143,dependent,142,"The method of claim 142, wherein output originating from said plugin component is rendered in a region distinct from said output text and labelled with an identity of said plugin component, is not admitted to a store of said knowledge records, and is not citable as a grounding source; and wherein activation of said plugin component requires an approval recorded against an identity of an individual human operator and is suspensible by said operator without cooperation of said plugin component."
144,dependent,139,"The method of claim 139, wherein each said interface carries a version, a request omitting a version is refused rather than assigned a default version, a version is deprecated for a configured support interval and thereafter retired with a request for it refused and a successor named, and a knowledge record returned under one said version remains valid under a subsequent said version such that a citation issued under an earlier version is not invalidated."
145,dependent,1,"The method of claim 1, further comprising establishing a session shared by a plurality of participants over a common work, wherein a shared view of said session comprises knowledge records traversable within an intersection of the scope descriptions of every said participant, a knowledge record traversable by a first said participant and not by a second is absent from said shared view, and an absence of said knowledge record is not reported to any said participant."
146,dependent,145,"The method of claim 145, wherein a response to a query submitted in said session is resolved against said intersection and delivered identically to every said participant, and wherein a reading position, an interaction history and a private annotation of a said participant remain outside said shared view absent an explicit contribution by said participant."
147,dependent,1,"The method of claim 1, further comprising anchoring a displayed knowledge record together with its citation to a physical object identified in a live camera feed, wherein a classification result corresponding to a natural person or to an animal is excluded from a candidate set and no said anchoring is performed to such a result at any confidence value, and wherein no gaze direction, dwell duration, head pose or attention signal is captured, derived or retained, and no such signal is made available to a selection of commercial content or to a plugin component."
148,dependent,147,"The method of claim 147, wherein where an object of said camera feed is not identified at a confidence value satisfying a configured threshold no said anchoring is performed and a boundary is stated, such that no said anchoring is performed to an unidentified object."
149,dependent,1,"The method of claim 1, further comprising receiving spoken input under an explicit session-scoped and revocable consent, transcribing said spoken input, routing said transcription through a classification separating a query intent from an operational intent, and requesting a clarification where said classification does not satisfy a configured confidence threshold rather than selecting an interpretation; and wherein audio of said spoken input is discarded following said transcribing absent a separate explicit election, and no voiceprint, speaker embedding or biometric identifier is derived therefrom, an identity of a speaker being taken from an authenticated session."
150,dependent,149,"The method of claim 149, wherein a said spoken input classified as carrying a state-changing effect comprising an erasure, a rights modification, a purchase or a grant requires a confirmation received through a second modality before said effect takes place."
151,dependent,1,"The method of claim 1, further comprising recording a progress marker for a reader over a work, associating with each knowledge record extracted from said work a narrative position at which its content is disclosed within said work, and bounding a scope description constructed for a query of said reader over said work by said progress marker such that a knowledge record whose narrative position exceeds said progress marker is not traversable; and wherein where a query is unanswerable within said bounded scope description the system states that an answer lies beyond said progress marker without disclosing content of said knowledge record."
152,dependent,1,"The method of claim 1, further comprising recording, for a learner, a position reached, assessment items attempted, responses submitted and outcomes scored against the knowledge records from which said items were generated, and computing a mastery measure as a proportion of items attributable to a stated objective answered correctly against a configured threshold; wherein visibility of said records to an instructor is bounded by a time-scoped grant such that expiry of said grant removes said visibility without a further operation, and wherein no inference of aptitude, of likelihood of future performance, or of comparative ranking against another learner is generated or stored from said records."
153,dependent,142,"The method of claim 142, further comprising connecting an external learning management system under a declared capability set, wherein an operation not within said declared capability set is refused at a boundary of said connecting rather than attempted; a roster read establishes a scope of an instructor grant and does not confer an entitlement to a work; and a transmission of an outcome to said external learning management system comprises no knowledge record, no response text and no interaction history, and is recorded with an identity of a connector, a capability exercised and fields transmitted."
154,dependent,1,"The method of claim 1, further comprising composing a work into a paginated print-ready form for a specified edition, wherein editions differing in audience level, language or annotation density are composed from common said knowledge records through said generating; a rights validation permitting print reproduction in a requested territory, quantity and interval is performed before said composing and a composed form carries a reference to said rights validation; a wording-operative span is reproduced verbatim in said print-ready form; and said composing is deterministic such that two compositions over an unchanged work and layout specification produce identical pagination."
155,dependent,152,"The method of claim 152, further comprising issuing a credential to an identified learner upon both a measured outcome satisfying a configured threshold and an establishment of an identity of said learner to a configured standard, said credential comprising a record of objectives assessed, items presented, the knowledge records from which said items were generated, thresholds applied and an issuing identity; verifying said credential to a third party as issued and unrevoked without disclosing a response of said learner; and revoking said credential by a recorded revocation rather than by deletion."
156,dependent,1,"The method of claim 1, further comprising exposing a portal surface over a licence and entitlement mechanism, wherein a capability available at said portal to a role is the capability available to said role through any other surface such that said portal confers no capability; a grantee views a grant held over said grantee without a capability to create or modify a grant; each action taken through said portal is recorded with an acting identity, an action and a stated reason; and a revocation effected through said portal takes effect at a time of executing a subsequent query rather than at a commencement of a subsequent session. **Hyperedge attention and attractor-based hyperedge completion (claims 157–159)**"
157,dependent,1,"The method of claim 1, wherein a plurality of said knowledge records are linked by a hyperedge relating more than two of said knowledge records, and further comprising, upon a reasoning operation traversing said hyperedge, weighting a contribution of each constituent knowledge record of said hyperedge by a product of a confidence value of said constituent knowledge record and an accumulated evidence count of said constituent knowledge record, normalized across the constituents of said hyperedge, such that a constituent resting on less accumulated evidence contributes less than one resting on more irrespective of an equality of their confidence values."
158,dependent,157,"The method of claim 157, further comprising completing a partially-observed said hyperedge by applying said iterative updating of activation values to a constituent set of said hyperedge as a whole, weighted according to claim 157, until said activation values reach a stable state identifying a complete configuration of said hyperedge consistent with its observed constituents; and withholding said completing, and reporting an unobserved constituent as absent, where a weighted support for said complete configuration does not satisfy a configured threshold."
159,dependent,158,"The method of claim 158, wherein said completing operates upon a constituent set of a single said hyperedge and reaches said stable state through said iterative updating, and is distinct from a completion of a scene description performed by application of schema, physics, affordance and relation rules, said completing introducing no convergence behaviour separate from said iterative updating. **Domain architecture, transfer matrix and path separation (claims 160–168)**"
160,dependent,1,"The method of claim 1, wherein the method is performed by a system partitioned into a plurality of domains each owning a bounded set of operations, said plurality comprising a governance domain and a plurality of functional domains, wherein no operation of any said functional domain executes without traversing an enforcement point of said governance domain, said governance domain is not a valid target of a modification proposed by any said functional domain, and a grouping of said functional domains into layers confers no authority such that a transfer permission between two said domains is unaffected by whether said domains occupy a common said layer."
161,dependent,160,"The method of claim 160, further comprising maintaining a transfer matrix assigning to each ordered pair of said domains a permission selected from permitted, denied, and permitted-subject-to-a-stated-conversion; evaluating said permission at each transfer of content between two said domains; treating an ordered pair having no entry in said transfer matrix as denied; and recording each said transfer in said provenance chain together with a source domain, a target domain and a permission applied; wherein said transfer matrix is owned by said governance domain and is a member of a fixed enumerated set of subsystems excluded from modification, such that a domain constrained by an entry of said transfer matrix does not administer that entry."
162,dependent,161,"The method of claim 161, wherein said transfer matrix denies a transfer from a domain owning evaluation of an output of an external system to a domain owning said retrieving, such that neither said output nor an analysis thereof is admissible to said admitted set, excepting a knowledge record converted from a reply elicited by a prompt composed by the method and carrying a derivation marking; and permits a transfer from said domain owning evaluation to a domain owning storage of said knowledge records only subject to a conversion marking transferred content as an analysis record excluded from a scope description constructed for a query not directed to said analysis."
163,dependent,161,"The method of claim 161, wherein said transfer matrix denies a transfer from a domain owning selection of commercial content to a domain owning said retrieving and to a domain owning said generating, and permits a transfer to said domain owning selection only subject to a conversion supplying a concept identifier and identifiers of concepts adjacent thereto within one edge, read-only, after said retrieving and said generating have completed."
164,dependent,161,"The method of claim 161, wherein said transfer matrix permits a transfer from a domain owning said extracting to a domain owning storage of said knowledge records only subject to a conversion applying said safety evaluation, a validation against a machine definition of an event type, and a confidence calibration, said conversion constituting the sole route by which content originating outside the system enters said storage."
165,dependent,161,"The method of claim 161, wherein said transfer matrix denies a direct transfer between a domain owning a presentation surface and a domain owning storage of said knowledge records, such that a presentation surface obtains content only through a domain owning construction of said scope description and a domain owning said retrieving."
166,dependent,160,"The method of claim 160, wherein a first subset of said functional domains is traversed in answering a query and a second subset is traversed in ingesting content, and an intersection of said first subset and said second subset consists of a domain owning storage of said knowledge records and said governance domain alone, such that an ingestion operation contends with a query operation at no other domain."
167,dependent,166,"The method of claim 166, wherein contention at said governance domain is resolved by serving a compute-accounting unit of a safety-evaluation category ahead of a unit of any other category, and contention at said domain owning storage is resolved by assignment of a record to a storage tier by access recency and frequency."
168,dependent,160,"The method of claim 160, further comprising metering an operation of each said domain as a bounded compute-accounting unit carrying an identifier of said domain, fixing a scheduling priority by said identifier such that said governance domain holds a highest said priority and a domain owning selection of commercial content holds a lowest, and containing a failure of a said domain to a capability of that domain, wherein a failure of said governance domain halts an operation rather than permitting it to proceed unevaluated; and wherein said scheduling priority and an invariant bounding an intersection of a domain subset traversed in answering a query with a domain subset traversed in ingesting content are likewise owned by said governance domain and excluded from modification. **Discriminating instance generation (claims 169–173)**"
169,dependent,115,"The method of claim 115, further comprising: maintaining a first candidate hypothesis and a second candidate hypothesis concerning a common subject, each having a confidence value maintained as said first and second parameters; determining that a difference between the confidence values of said first and second candidate hypotheses does not exceed a configured separation floor while an accumulated evidence count of each exceeds a configured minimum; computing, for each of a plurality of candidate observations, a magnitude of a difference between a likelihood of said candidate observation under said first candidate hypothesis and a likelihood of said candidate observation under said second candidate hypothesis; selecting a said candidate observation maximising said magnitude; and emitting a structured request identifying said selected candidate observation, said magnitude, and a confidence value each said candidate hypothesis would take under each of a presence and an absence of said selected candidate observation."
170,dependent,169,"The method of claim 169, wherein said selecting is performed irrespective of a likelihood assigned to said candidate observation by either said candidate hypothesis, such that a candidate observation predicted equally by both said candidate hypotheses is not selected however probable it is under either."
171,dependent,169,"The method of claim 169, further comprising withholding said emitting, and recording said first and second candidate hypotheses as undiscriminated together with a reason, where said magnitude for every said candidate observation falls below a configured discrimination floor."
172,dependent,169,"The method of claim 169, wherein neither said first candidate hypothesis nor said second candidate hypothesis is advanced or retired by said emitting, each remaining in a proposed state transitionable to a validated state only upon confirmation by an identified human reviewer, and wherein no automated process acts upon said structured request."
173,dependent,169,"The method of claim 169, further comprising, upon a knowledge record corresponding to said selected candidate observation being admitted as a said knowledge record, updating said confidence values of said first and second candidate hypotheses and re-evaluating said difference against said separation floor, and recording an outcome of said selected candidate observation such that said selected candidate observation is not emitted again for said first and second candidate hypotheses. **Deployment topology, module replacement and substrate independence (claims 174–182)**"
174,dependent,160,"The method of claim 160, wherein a first subset of said domains executes in a first infrastructure under control of a party holding said knowledge records and a second subset executes in a second infrastructure, and wherein said scope description is constructed within said first subset and supplied to said second subset, such that no domain of said second subset constructs a said scope description and no said knowledge record is transferred to said second infrastructure by reason of an asset referenced by said knowledge record residing therein."
175,dependent,160,"The method of claim 160, further comprising maintaining at a cache node a subset of said knowledge records selected by access frequency and recency, answering a query at said cache node only where a scope description of a requester admits every cached knowledge record consulted, escalating said query to an origin otherwise, and invalidating a cached said knowledge record upon a supersession thereof; wherein said cache node performs no said extracting and constructs no said scope description."
176,dependent,160,"The method of claim 160, further comprising replacing an implementation of a said domain with a further implementation upon said further implementation satisfying each interface exposed by said domain at each version within a support interval thereof and each entry of said transfer matrix in which said domain appears, and upon an approval recorded against an identity of an individual human reviewer; and refusing said replacing where said domain is a member of a fixed enumerated set of subsystems excluded from modification."
177,dependent,139,"The method of claim 139, wherein said plurality of programmatic interfaces further comprises an interface returning a transformation of a media asset and an interface returning a scene description assembled from knowledge records carrying spatial detail, wherein said transformation is deterministic for a given asset, parameter set and content state, a value inferred in said transformation is traceable to a knowledge record from which it was inferred, and said interface returning a scene description withholds a scene where spatial detail carried by said knowledge records does not satisfy a configured sufficiency threshold."
178,dependent,1,"The method of claim 1, further comprising presenting simultaneously a first realization of a work in a first language and a second realization of said work in a second language, each generated from common said knowledge records, wherein said realizations are aligned by knowledge record rather than by position such that a citation taken in either resolves to a common knowledge record, and wherein a knowledge record having no realization in one of said languages is presented as a gap rather than supplied from the other realization."
179,dependent,1,"The method of claim 1, further comprising scoping an encryption key to a tenant or to a deployment such that a key of a first tenant decrypts no content of a second, and holding key material within a custody boundary such that a use of said key material is a call across said boundary rather than a read thereof; wherein a knowledge record for which a zero-knowledge election is in effect remains one for which no operator-held key exists under any configuration."
180,dependent,3,"The method of claim 3, further comprising signing each node of said provenance chain under a key of a deployment in addition to said checksum, such that said provenance chain is verifiable by a party holding a corresponding verification key without access to a system that produced it, said verifying establishing that a recorded operation and a recorded safety evaluation are as written."
181,dependent,1,"The method of claim 1, wherein said constructing, said retrieving, said iteratively updating and said generating are performed by components of a system performing the method and require no external fact-representation or fact-query system, and wherein an external fact-retrieval resource is connectable as a connector under a declared capability set such that a result returned therefrom is converted into a said knowledge record at a boundary of said connector and admitted through said extracting with said safety evaluation, said method being performed identically where no said connector is registered."
182,dependent,181,"The method of claim 181, wherein no element of said method recites an external fact-query system, a failure of a domain owning external integration is contained to a capability of said domain, and a determinism whereby an identical query over identical said knowledge records yields an identical said output text is established by said constraint on said permissible output vocabulary and by a bound on a number of stable states of said iterative updating. **Learning domain, module declaration and substrate migration (claims 183–185)**"
183,dependent,160,"The method of claim 160, further comprising a domain owning generation of an assessment item from a knowledge record, a recording of a mastery measure over a stated objective, and an issuance of a credential, wherein a transfer from said domain to a domain owning selection of commercial content is denied by said transfer matrix and a transfer from said domain to a domain owning external integration is permitted only subject to a conversion transmitting an outcome without a knowledge record, a response text or an interaction history."
184,dependent,160,"The method of claim 160, wherein each said functional domain declares at least one module constituting a unit of replacement, and a said governance domain declares none, such that no implementation of said governance domain is exchangeable under a replacement conditioned on interface and transfer-matrix conformance and a recorded human approval."
185,dependent,160,"The method of claim 160, wherein a domain owning storage of said knowledge records declares no module exchangeable under a replacement conditioned on interface and transfer-matrix conformance, an exchange of an implementation thereof requiring a migration of stored said knowledge records in addition to a conformance with an interface and with said transfer matrix. **Restored coverage: independent curation, manifold forecasting, colour drift registration, message-channel encryption (claims 186–189)**"
186,dependent,1,"The method of claim 1, further comprising: maintaining a first ordered walkthrough over content, curated by an owner of said content, and a second ordered walkthrough over said content curated by a party other than said owner, both said walkthroughs persisting concurrently; associating with each said walkthrough an attribution identifying a curator thereof, said attribution being a field of a record of said walkthrough and not modifiable or removable by said curator; and holding an authorization to narrate a said walkthrough separately from an authorization to curate it, such that curating a said walkthrough confers no authorization to narrate it in a voice of any identified natural person."
187,dependent,1,"The method of claim 1, further comprising: embedding a time series into a manifold of lower dimension than said time series and nonlinear therein; producing from said manifold a forecast comprising a predicted value and a credible interval computed from accumulated evidence parameters of the knowledge records from which said time series was constructed; rendering said forecast in a region labelled as a forecast and distinct from said output text; and withholding said forecast from admission as a knowledge record, such that no said forecast is available as a grounding source for a subsequent said generating."
188,dependent,186,"The method of claim 186, further comprising: computing, between a first rendered state of a said walkthrough and a second rendered state of said walkthrough, a colour-difference magnitude as a Euclidean distance between coordinates of said rendered states on three axes of a perceptually-uniform colour space; comparing said magnitude against a tolerance declared by an owner of said content; and raising a registration finding where said magnitude exceeds said tolerance, without altering either said first rendered state or said second rendered state."
189,dependent,1,"The method of claim 1, further comprising: establishing a one-to-one message channel between two identities; classifying said message channel from an account context and an access path of said identities rather than from a self-declaration by a participant thereof; encrypting a said message channel not classified as associated with a minor context such that no party performing the method holds a decryption key therefor under any configuration; and encrypting a said message channel so classified against interception by a party other than said two identities while retaining a decryption capability exercised exclusively for a content-safety evaluation, each exercise being logged with an identity of an accessing process and a triggering reason. **Reasoning mode formalization — deductive, inductive and abductive (claims 190–192)**"
190,dependent,1,"The method of claim 1, further comprising classifying an inference over said knowledge records as a first type where a conclusion thereof follows necessarily from admitted said knowledge records and as a second type otherwise; admitting a conclusion of said first type as a knowledge record carrying a type identifier distinguishing it from a directly-ingested knowledge record and a confidence value computed as a product of confidences of the knowledge records from which it follows; and withholding a conclusion of said second type from admission as a knowledge record, emitting it instead with a status field set to a proposed state, wherein no automated process is configured to transition said status field to a validated state."
191,dependent,190,"The method of claim 190, wherein an inference of said second type adjusts a confidence value of an existing said knowledge record without creating a knowledge record, and wherein a contradiction insufficient to effect said adjustment is recorded in a persistent index rather than discarded, such that a plurality of individually-insufficient contradictions bearing on a common assertion remains queryable."
192,dependent,190,"The method of claim 190, wherein admission of a knowledge record is conditioned on a conformance with a machine definition of an event type, a completed said safety evaluation and a reference into said provenance chain, and is not conditioned on a quantity of evidence supporting a semantic assertion of said knowledge record, such that said second type of inference adjusts a confidence value of an admitted knowledge record and does not determine whether a knowledge record is admitted. **Observation diversity across source classes (claims 193–196)**"
193,dependent,125,"The method of claim 125, further comprising attributing each increment of said first and second parameters to a source class of a plurality of registered source classes, and computing for a said knowledge record a diversity measure as a reciprocal of a sum of squared proportions of weight contributed by each said source class, such that two knowledge records having identical said first and second parameters and differing distributions of contributed weight across said source classes yield differing said diversity measures."
194,dependent,193,"The method of claim 193, wherein a further knowledge record attributed to a source class already contributing a proportion of weight to said first parameter is admitted at a weight reduced as a function of said proportion, such that repeated corroboration within one said source class does not increment said first parameter as a corroboration from a further said source class would."
195,dependent,193,"The method of claim 193, further comprising conditioning a proposal of a generalization from a plurality of subordinate concepts upon said diversity measure of said plurality satisfying a configured floor in addition to a count of said plurality satisfying a count floor; and attenuating a revision gain applied to a concept attribute where said diversity measure of a contradicting knowledge record approaches unity."
196,dependent,193,"The method of claim 193, further comprising indicating, in an output relying upon a knowledge record whose said diversity measure is below a configured threshold, that support for said knowledge record is concentrated within a single said source class. **The interpretive layer — context, perspective, ergonomic, cultural and social modulation (claims 197–204)**"
197,dependent,1,"The method of claim 1, further comprising applying to said output text a plurality of interpretive modulations selected from a context modulation, a perspective modulation, an ergonomic modulation, a cultural modulation and a social modulation, wherein each said interpretive modulation operates upon a result of said generating and neither widens nor narrows said scope description, neither admits a knowledge record excluded therefrom nor excludes one admitted thereby, alters no said confidence value, and extends no said permissible output vocabulary; and refusing a said interpretive modulation that would effect any thereof."
198,dependent,197,"The method of claim 197, wherein two requesters whose scope descriptions admit an identical set of said knowledge records receive output text grounded in said identical set irrespective of a difference between their said interpretive modulations, such that said interpretive modulations vary an emphasis, an ordering, a vocabulary, a format and a medium of said output text and vary neither a content nor an availability of a said knowledge record."
199,dependent,197,"The method of claim 197, wherein a signal from which a said interpretive modulation is derived is retained for a duration of a session and is not persisted as a knowledge record, such that no said signal becomes available to said retrieving at a subsequent session."
200,dependent,197,"The method of claim 197, wherein a preference stated by a requester takes precedence over a signal inferred from an interaction of said requester wherever both bear on a common dimension of a said interpretive modulation, and an inferred said signal is applied only where no stated said preference bears on that dimension."
201,dependent,197,"The method of claim 197, wherein a said cultural modulation is derived from a profile declared by a requester, by an operator of a deployment, or by a locale explicitly selected by said requester, and is not derived from a name, a network address, a language of a query, a device locale or a behavioural signal of said requester."
202,dependent,197,"The method of claim 197, wherein a said ergonomic modulation derived from an inferred indicator of cognitive load modulates a density and a layout of said output text alone, produces no knowledge record concerning said requester, and is unavailable to a further said interpretive modulation, to a selection of commercial content and to a programmatic interface."
203,dependent,197,"The method of claim 197, wherein said interpretive modulations are composed in a fixed order over a result of said generating such that an identical result under an identical configuration of said interpretive modulations yields an identical modulated output; and wherein a review under a governance domain precedes and follows said composing and refuses a modulated output irrespective of said configuration."
204,dependent,197,"The method of claim 197, further comprising exposing for each said interpretive modulation an interface accepting a configuration and returning a modulated said output text, said interface resolving a scope description before a traversal and admitting no parameter widening said scope description; refusing at said interface a configuration that would retrieve a knowledge record, alter a confidence value or widen a scope description; and recording a said configuration in effect for a said output text such that said output text is reproducible from said recorded configuration. **Outcome feedback and operational calibration (claims 205–211)**"
205,dependent,1,"The method of claim 1, further comprising recording for a delivered said output text a response record identifying said query, said scope description, each knowledge record cited therein and a confidence value held by each said cited knowledge record at a time of delivery; receiving from an identity a report bearing on said output text or on a said cited knowledge record; and admitting said report as a knowledge record through said extracting with said safety evaluation, carrying said identity as an attributed source and a reference to said response record."
206,dependent,205,"The method of claim 205, wherein a said report bearing against a said cited knowledge record increments a parameter accumulating contradicting evidence of said cited knowledge record by a weight derived from a source reliability of said identity, and does not set said confidence value, supersede said cited knowledge record or remove it from a store of said knowledge records."
207,dependent,206,"The method of claim 206, wherein said identity constitutes a source class for a diversity measure computed as a reciprocal of a sum of squared proportions of weight contributed by each source class, such that a plurality of said reports from a common said identity contributes less to said parameter than an equal plurality of said reports from distinct identities."
208,dependent,205,"The method of claim 205, wherein a said report is not admissible as a grounding source for output text concerning a subject matter of said report, and is admissible as evidence bearing on a confidence value and as an object of an analysis."
209,dependent,205,"The method of claim 205, further comprising pairing a said response record with an outcome record recording an event subsequent to said delivery, refusing construction of a said outcome record whose subject resolves to an individual natural person, and computing over a plurality of said pairings a mean of squared differences between a confidence value stated at delivery and a realised outcome, and a difference between a proportion of realised outcomes and a mean confidence value stated within a band, each computed per domain and per said band."
210,dependent,209,"The method of claim 209, further comprising emitting a difference whose magnitude satisfies a configured tolerance as a candidate modification evaluated in an isolated environment, said candidate identifying a measured said difference, a corpus over which it was measured and a parameter proposed for adjustment, and taking effect only upon an approval recorded against an identity of an individual human reviewer; wherein a parameter governing said computing is a member of a fixed enumerated set of subsystems excluded from modification."
211,dependent,205,"The method of claim 205, wherein no said report and no said outcome record extends a permissible output vocabulary of said generating or alters a said scope description, such that output text does not become expressible by reason of a said report and a knowledge record does not become traversable or cease to be traversable by reason thereof. **Expressive register and media-integrated expression (claims 212–217)**"
212,dependent,1,"The method of claim 1, further comprising selecting for said output text exactly one expressive register from a registered set of expressive registers, said selecting being resolved before said generating and being distinct from a selection of an audience level governing vocabulary and explanatory depth; refusing a register not in said registered set rather than approximating it; and wherein a said expressive register governs a voicing of said output text and neither alters a set of knowledge records admitted, nor alters a confidence value, nor extends said permissible output vocabulary."
213,dependent,212,"The method of claim 212, wherein a first said expressive register characterised by declarative construction does not remove a qualification that a confidence value of a cited knowledge record requires, and a second said expressive register characterised by reduced density and acknowledgement does not soften an assertion supported by a said knowledge record, such that a said expressive register governs voicing and a said confidence value governs what is asserted."
214,dependent,212,"The method of claim 212, wherein a said expressive register characterised by acknowledgement of a requester's stated position is selected upon a preference stated by said requester, upon a configuration for which it is a configured default, or upon a consented signal captured under an explicit session-scoped authorization; and is not selected upon an inference from a word choice, a punctuation, a length, an error rate, a retry behaviour or an interaction timing of a query, no record of an inferred affective state being constructed."
215,dependent,1,"The method of claim 1, further comprising including within said output text a media asset referenced by a knowledge record of said stabilized set and delivering said media asset with a citation resolving it to said knowledge record; and withholding a media asset referenced by no knowledge record of said stabilized set and a media asset whose referencing knowledge record is outside said scope description, such that no said media asset conveys a proposition said output text could not assert."
216,dependent,215,"The method of claim 215, wherein a said media asset that has been transformed is delivered together with a provenance of said transformation identifying a knowledge record from which a value inferred in said transformation was derived; and wherein an interpretive modulation selects among media assets includable under claim 215 and does not render a media asset includable."
217,dependent,212,"The method of claim 212, wherein an interpretive modulation narrows a selection of a said expressive register where a configuration requires it and does not widen said selection, such that no said interpretive modulation selects an expressive register a configuration of said requester does not permit. **Surface realization — aggregation, reference, connectives, ordering and variation (claims 218–224)**"
218,dependent,1,"The method of claim 1, further comprising realizing two or more propositions of said graph structure that share a subject and are joined by an edge of a conjunctive type as a single sentence having a coordinated predicate, up to a configured maximum number of coordinated predicates; and withholding said realizing where confidence values of said propositions differ by more than a configured tolerance such that said propositions would require differing qualifications, whereby a proposition of lower confidence is not qualified by a coordination with a proposition of higher confidence."
219,dependent,218,"The method of claim 218, wherein a sentence produced by said realizing carries a citation of each said proposition realized therein, such that each clause thereof resolves to a knowledge record supporting it."
220,dependent,1,"The method of claim 1, further comprising realizing an entity in a full registered form at a first mention thereof within a discourse unit and in a reduced form at a subsequent mention, restoring said full registered form where a mention of a further entity sharing a type of said entity in a concept structure intervenes between said mentions, and restoring said full registered form at a first mention within a subsequent discourse unit; wherein an ambiguity is determined by said type and not by a surface form, and said full registered form is used where said determining is indeterminate."
221,dependent,1,"The method of claim 1, further comprising emitting, between two propositions realized in sequence and joined by a typed edge of said graph structure, a connective of a class corresponding to a type of said edge; selecting a connective within said class by an expressive register in effect and by a position within a response such that a connective does not recur uniformly; and emitting no connective between two propositions not joined by a said typed edge."
222,dependent,1,"The method of claim 1, further comprising ordering within a sentence a constituent realized in a preceding sentence of a response before a constituent not yet realized therein, where a syntax of a target language permits; and exempting from said ordering a span reproduced rather than generated."
223,dependent,1,"The method of claim 1, further comprising substituting for a recurring term an alternative registered as synonymous for a sense of said term, and admitting said substituting only where a semantic fingerprint of a proposition containing said term is unchanged thereby; and refusing said substituting for a term within a span reproduced rather than generated, for a registered canonical name of an entity, and for a governed term of a discipline mode."
224,dependent,1,"The method of claim 1, wherein a selection among admissible realizations of a proposition of said graph structure is made by a deterministic rule over prior content of a response and not by sampling from a probability distribution, such that a given said graph structure under a given expressive register yields an identical token sequence on each execution; and wherein no said realization introduces a proposition absent from said graph structure. **Commercial presentation, advertiser provenance and transaction records (claims 225–231)**"
225,dependent,17,"The method of claim 17, further comprising determining an eligibility of a commercial item from a right registered for said commercial item, a territory recorded for a request, an edition in which a response is delivered and a device class of said request, and from no further input; wherein an inferred ergonomic signal, an inferred indicator of cognitive load and an inferred affective state are unavailable to said determining; and wherein a commercial region is omitted where said determining yields an empty set, an omission thereof not being disclosed."
226,dependent,225,"The method of claim 225, wherein a said commercial item occupies a registered placement class comprising a region distinct from and not interleaved with propositions of said output text, and a number of said commercial items presented within a response and within a session is bounded by a configured ceiling, a commercial item exceeding said ceiling being omitted rather than deferred."
227,dependent,225,"The method of claim 225, further comprising registering a said commercial item with a verified identity of a party presenting it, a right under which it is presented, a territory covered, an interval of validity and an identity of a registering operator, and refusing registration of a commercial item lacking any thereof; and recording each presentation in said provenance chain with said commercial item, said placement class, a concept identifier occasioning it and an eligibility relied upon."
228,dependent,227,"The method of claim 227, wherein a said commercial item is not admitted as a knowledge record, is not citable, is not traversable and contributes to no confidence value, and an assertion within a said commercial item is labelled as an assertion of said party presenting it."
229,dependent,17,"The method of claim 17, further comprising registering a commerce object with a right permitting its sale, a territory in which it may be sold and a price per territory and currency, and withholding an offer of a said commerce object in a territory for which no price is registered rather than offering it at a default price."
230,dependent,229,"The method of claim 229, further comprising performing upon a said commerce object an action selected from creating a perpetual entitlement, creating an entitlement bounded by an interval, creating a recurring entitlement contingent upon renewal, extending an existing entitlement, replacing an entitlement with a broader entitlement wherein a prior entitlement is superseded rather than deleted, and transferring an entitlement where a licence permits transfer; and producing for each said action a transaction record carrying an acting identity, said commerce object, said action, a price and currency applied, a territory, a rights validation relied upon and a reference into said provenance chain."
231,dependent,230,"The method of claim 230, wherein a transaction not reconcilable against a change of entitlement is refused rather than recorded in a pending state, such that an entitlement state and a transaction history do not diverge; and wherein a divergence between a state of a token representation and a said entitlement raises a finding, said entitlement remaining authoritative. **Directed capture equipment control under session authorization (claims 232–240)**"
232,dependent,1,"The method of claim 1, further comprising registering an equipment unit of a capture or inspection class with a kinematic envelope, a velocity limit, a force limit and an operating volume; refusing command emission to an equipment unit whose registration lacks any thereof; and refusing command emission to an equipment class outside said capture or inspection class, wherein telemetry received from a vehicle-control system is admitted as an analysis record and no control interface thereto is created."
233,dependent,232,"The method of claim 232, further comprising maintaining an equipment state record comprising a pose, a configuration, a sensor status and an operating volume in force, said equipment state record being retained for a duration of a session and not admitted as a knowledge record; and withholding command emission where an age of said equipment state record exceeds a configured staleness bound, an indication of said staleness being returned."
234,dependent,232,"The method of claim 232, further comprising granting a session authorization recorded with an identity of an authorizing human operator, equipment units covered, an operating volume permitted, task classes permitted and an expiry; emitting a command only within said session authorization; halting emission upon an expiry thereof rather than requesting a renewal during an executing plan; and effecting a revocation thereof before a next command rather than upon completion of an executing plan."
235,dependent,234,"The method of claim 234, wherein each emitted command carries a reference to a request from which it was compiled, to said session authorization, to a plan of which it forms part and to a position within said plan, and a command unable to carry each said reference is not emitted."
236,dependent,232,"The method of claim 232, further comprising compiling a request into a command sequence by decomposing said request into operational intents before binding an intent to a concrete target, binding each said intent against a spatial model of an environment, mapping each bound intent to a registered equipment unit capable thereof, and synthesising a plan satisfiable within a registered envelope; wherein an unresolvable target, an absence of a capable said equipment unit and a plan not satisfiable within said envelope each halt said compiling rather than yielding a command against a target selected among candidates."
237,dependent,232,"The method of claim 232, further comprising evaluating a command before emission against an operating volume, a kinematic envelope, a velocity limit, a force limit, a minimum clearance to a detected obstacle, an exclusion distance from a detected person, an overlapping swept volume of a further equipment unit, and a recording-restricted zone; and withholding emission of a command violating any thereof, said withholding being unconditional and said command being neither emitted at a reduced priority nor modified into a permissible command by an automated selection."
238,dependent,237,"The method of claim 237, wherein a detection of a person is used to compute said exclusion distance and for no further purpose, is not retained beyond an evaluation thereof, does not enter a result set and is not available to a further mechanism, such that an avoidance of a person is performed without a record of said person being constructed."
239,dependent,232,"The method of claim 232, further comprising emitting a halt upon a clearance breach, an exceeded staleness bound, an expiry or revocation of a session authorization, a loss of a sensor stream on which an executing plan depends, or an explicit request; wherein said halt is evaluated from an equipment state record and a constraint set without a said retrieving, a said iterative updating, a said generating or an interpretive modulation, such that said halt is not delayed by a query in progress; and wherein said halt places an equipment unit in a registered safe state and a subsequent emission requires an explicit resume."
240,dependent,232,"The method of claim 232, further comprising observing an execution of a plan, admitting an observation thereof as an outcome record, and compiling a corrected plan afresh through said decomposing, said binding, said mapping, said synthesising and said evaluating rather than issuing a modification of a withheld command; and wherein no said observation adjusts a said kinematic envelope, a said velocity limit, a said force limit, a said operating volume or a said session authorization. **Assistive physical contact under a two-party authorization (claims 241–249)**"
241,dependent,1,"The method of claim 1, further comprising registering an equipment unit making intentional physical contact with a person under an authorization class disjoint from an authorization class governing equipment constrained by an exclusion distance from a person, wherein an authorization of either said class confers no capability under the other and a constraint set applicable to a command is determined by an authorization under which said command is emitted; and refusing said registering where a hazard analysis for an intended task, an intended user and an intended environment of said equipment unit has not been completed and recorded with an identity of an assessor."
242,dependent,241,"The method of claim 241, further comprising requiring, concurrently, a deployment authorization held by an identified operator and a contact consent held by a person to be assisted, wherein said contact consent is bounded to a task class and an interval, does not persist beyond a session, and is not substituted by said deployment authorization; and withholding contact where either is absent."
243,dependent,242,"The method of claim 242, further comprising halting contact within a registered stopping interval upon a withdrawal of said contact consent expressed by said person through any registered channel, wherein said withdrawal is not overridable by an operator, by a representative or by a task in progress; and wherein upon said withdrawal said equipment unit performs no motion other than motion required to reach a state in which said person is neither supported nor retained by it, said motion being bounded by force limits applicable to said task."
244,dependent,242,"The method of claim 242, wherein where said person cannot express or withdraw said contact consent through a registered channel, contact proceeds only where a designated representative recorded under a governance of a deployment holds said contact consent, a second person is present holding a halt control, and a task class is within a registered subset excluding a task whose failure said person could not signal; and wherein a determination that said person cannot so express is read from a record of said deployment and is not made by inference from a response of said person."
245,dependent,241,"The method of claim 241, further comprising evaluating a command against a force limit and a pressure limit registered per region of a body, a registered contact region, a contact velocity lower than a free-motion velocity, a support redundancy whereby a single failure does not withdraw support from a person whose weight is borne, a currency of a contact consent, and an absence of a configuration from which said person could not be released; and halting upon a violation of any thereof rather than adjusting a said command."
246,dependent,245,"The method of claim 245, wherein said force limit and said pressure limit are registered separately per said region of a body such that a force within a limit applied over a reduced area is not thereby permitted."
247,dependent,241,"The method of claim 241, wherein a loss of power, a loss of a control signal, a fault in a safety-related control path and a halt each result in a release of a person rather than a retention thereof; and wherein a said equipment unit bearing a weight of a person is excepted from said release upon a registration recording a redundant support means, its safe state being a controlled retention of support together with an alert and a bounded interval within which support is transferred."
248,dependent,247,"The method of claim 247, wherein a release is effected without traversing said retrieving, said iterative updating, said generating or an interpretive modulation, and is operable where a said retrieving is unavailable."
249,dependent,241,"The method of claim 241, wherein contact is initiated only upon a request from a person to be assisted, upon a request from an operator under a held contact consent, or within a task sequence to which said person consented, and is not initiated upon an inference that said person requires assistance; and wherein sensor data captured during contact is discarded at a task end, no record of a body, a movement, a capability or a dependency of said person is constructed or retained, and no confidence value is adjusted by a said contact. **Attractor stabilization beyond retrieval (claims 250–256)**"
250,dependent,1,"The method of claim 1, wherein said iteratively updating decreases monotonically an energy over a configuration of activation values, said energy being a negative half of a sum over distinct pairs of a product of a weight and two said activation values, whereby said iteratively updating terminates without a bound on a number of iterations and a given initial configuration under given weights reaches an identical stable state on each execution."
251,dependent,250,"The method of claim 250, further comprising parameterizing said weights such that a spectral norm of a matrix thereof is less than unity, whereby said iteratively updating is a contraction and an equilibrium thereof exists and is unique independently of an initial configuration; maintaining said parameterization upon each update of a said weight rather than upon an initialization thereof; and recording an election of said parameterizing per network, such that a network so parameterized and a network operated under a bound on a number of stored configurations are distinguishable in a result."
252,dependent,1,"The method of claim 1, further comprising completing a partially-observed sensor frame by converging observed regions thereof to a nearest stored configuration; marking a completed region as reconstructed such that it is not presented as observed; bounding a confidence of a said completed region above by a least of a confidence of said observed regions and a confidence of said stored configuration; and rendering a said completed region inadmissible as a grounding source such that it grounds no assertion and contributes to no confidence value."
253,dependent,252,"The method of claim 252, wherein where said observed regions do not converge to a stored configuration within a configured iteration ceiling no completion is produced and an absence is reported."
254,dependent,1,"The method of claim 1, further comprising converging a divergence between two representations of a common subject where a magnitude of said divergence falls below a configured threshold, and preserving said divergence where said magnitude is at or above said threshold or where said magnitude cannot be determined; and recording a preserved said divergence in a persistent contradiction index where said representations assert incompatible content."
255,dependent,232,"The method of claim 232, further comprising damping an oscillation of a control signal derived from sensor input by said iteratively updating, wherein a damped said control signal is evaluated against a constraint set identically to an undamped said control signal such that said damping does not bring a command within a limit it would otherwise exceed."
256,dependent,255,"The method of claim 255, further comprising determining a number of changes of sign of a control error across a configured window and, where said number is at or above a configured frequency, raising a control fault, ceasing said damping and invoking a halt, such that a persistent said oscillation is reported rather than damped. **Concept-adjacent commercial relevance (claims 257–259)**"
257,dependent,27,"The method of claim 27, wherein said identifiers of concepts adjacent to said concept identifier comprise concepts connected thereto by a single edge of a type registered as adjacency-bearing, said types excluding a causal edge, a temporal edge and a contradiction edge; wherein no traversal is performed from a said adjacent concept such that a concept connected by two edges is absent from said input; and wherein said input is computed at a time of supply and is not extended by said selection."
258,dependent,257,"The method of claim 257, wherein a said adjacent concept is excluded from said input where it lies outside said scope description of a requester, and an exclusion thereof is not indicated, such that an existence of a concept outside an entitlement of said requester is not inferable from a commercial item presented to said requester."
259,dependent,257,"The method of claim 257, wherein a said adjacent concept participates in a relevance factor of a selection score and does not participate in a determination of eligibility, such that a commercial item ineligible for a request does not become eligible by a correspondence with a said adjacent concept; and wherein a relevance computed against a said adjacent concept is attenuated relative to a relevance computed against said concept identifier. **Convergence regime disclosure (claims 260–261)**"
260,dependent,251,"The method of claim 251, further comprising recording for each network an election between a first convergence regime in which said weights are parameterized such that an equilibrium is unique and a second convergence regime in which a number of stored configurations is held below a bound; and returning with an output text derived from a said network an indication of which said regime was in effect, such that a recipient of said output text is informed whether an identity of a converged state was guaranteed by construction or was rendered improbable by said bound."
261,dependent,260,"The method of claim 260, wherein a said election is a member of a fixed enumerated set of subsystems excluded from modification by a proposal generated within the system, such that a convergence regime is changed only by an operator and a change thereof is recorded in said provenance chain with an identity of said operator. **Systematic trial architecture (claims 262–269)**"
262,dependent,26,"The method of claim 26, further comprising executing a trial as a bounded compute-accounting unit carrying a trial category, allocating a budget of said trial category per interval, scheduling a unit of said trial category below a unit of a safety-evaluation category, below a unit serving a requester and below a unit of an ingestion category, and deferring a trial exceeding said budget rather than serving it at a reduced priority."
263,dependent,262,"The method of claim 262, wherein a trial executes against a corpus and a configuration isolated from a production corpus, constructs no knowledge record admitted thereto, adjusts no confidence value of a knowledge record thereof, emits no command to physical equipment outside a simulation, and produces no output text delivered to a requester."
264,dependent,263,"The method of claim 263, wherein a result of a trial is recorded as a trial record excluded from a scope description constructed for a query not directed to said trial record, and a finding of a trial applies no change, being emitted as a proposal taking effect only upon an approval recorded against an identity of an individual human reviewer irrespective of a number of trials from which said finding derives."
265,dependent,262,"The method of claim 262, further comprising enumerating a trial space for a layer, executing trial cases therefrom, and recording a coverage as a proportion of said trial space executed together with an enumeration of cases not executed."
266,dependent,262,"The method of claim 262, further comprising executing a trial set upon a change to a knowledge structure, a parameter, a registered resource or an implementation, and withholding application of said change where a trial case passing before said change fails after it, said failing case being reported with both results."
267,dependent,262,"The method of claim 262, further comprising supplying to a trial an input constructed to contradict a further input, an input constructed to drive said iteratively updating toward a configuration other than a stored configuration, and an input constructed to approach a constraint boundary of an equipment unit; and recording for each a proportion of cases in which a specified refusal was effected, wherein a proportion below unity is recorded as a defect."
268,dependent,262,"The method of claim 262, further comprising measuring a determinism as a proportion of repeated trials over an identical state of a corpus and an identical configuration yielding an identical semantic fingerprint, wherein a measurement over a corpus whose state changed between said repeated trials is not a said measurement of determinism."
269,dependent,262,"The method of claim 262, wherein a result of a trial concerning an equipment unit does not constitute a clearance of said equipment unit for operation, a clearance being established by a hazard analysis and a verification performed upon said equipment unit in a configuration thereof; and wherein upon a disagreement between a trial result and a result of a physical trial, said result of said physical trial governs and said disagreement is recorded as a finding concerning a simulation. **Grasping and manipulation (claims 270–276)**"
270,dependent,232,"The method of claim 232, further comprising registering a graspable object with a mass, a permitted grip force, a fragility limit and a set of admissible contact regions; refusing a grasp of an object lacking a said registration rather than inferring a grip force from a perception thereof; and applying a grip force equal to a least of a force ceiling registered for an equipment unit, said fragility limit, and a force computed as required for said grasp increased by a configured margin, said margin being applied before said least is taken."
271,dependent,270,"The method of claim 270, further comprising detecting a slip from a divergence between a commanded and an observed position of a said object during a held grasp, increasing an applied force toward a lesser of said force ceiling and said fragility limit and no further, and releasing said object under control where said slip continues at said lesser rather than increasing said applied force beyond it."
272,dependent,270,"The method of claim 270, wherein a loss of power, a loss of a control signal, a fault in a safety-related control path and a halt each result in an opening of a gripper, said opening being a condition of a registration of an equipment unit."
273,dependent,272,"The method of claim 272, further comprising planning a grasp such that a path along which a said object would fall upon a said opening is unobstructed before said grasp is made, refusing a trajectory whose said path is obstructed; and upon an obstruction entering said path during a held grasp, moving to a nearest pose within an envelope having an unobstructed said path and, where no said pose exists, retaining said object and raising a fault."
274,dependent,241,"The method of claim 241, further comprising presenting a said object within reach of a person without applying a force toward said person, and releasing said object upon a detection of a support thereof by said person sustained across a configured interval; and upon an absence of said detection within a configured timeout, lowering said object under control to a registered surface rather than releasing it, a handover being reported incomplete."
275,dependent,274,"The method of claim 274, wherein a said equipment unit applies no force resisting a taking of a said object by said person and does not re-grasp a said object taken by said person."
276,dependent,270,"The method of claim 270, wherein no registration under said registering is available for a person or an animal, such that a physical support of a person is performed only under an authorization class requiring a contact consent. **Navigation in shared space (claims 277–283)**"
277,dependent,232,"The method of claim 232, further comprising registering a navigable region comprising a travelable surface, a boundary and an excluded zone in place of an operating volume, maintaining from sensor input a clearance model of a distance to a nearest obstacle along each of a plurality of candidate headings, retaining said clearance model for a duration of a session without admitting it as a knowledge record, and halting motion where an age of said clearance model exceeds a configured staleness bound."
278,dependent,277,"The method of claim 277, wherein a commanded speed is bounded by a lesser of a registered maximum speed of an equipment unit and a product of a configured coefficient and a said distance, such that a stopping distance at a permitted said commanded speed is less than said distance; and wherein no task parameter, priority or deadline increases said coefficient."
279,dependent,277,"The method of claim 277, wherein upon a conflict between a path of a person and a path of a said equipment unit, said equipment unit stops or withdraws along a path already travelled and does not route around said person, does not signal an intention for accommodation by said person, and does not determine which of said person and said equipment unit yields."
280,dependent,279,"The method of claim 279, wherein upon a conflict between two equipment units under a common authorization a precedence is resolved by a registered ordering rather than by an exchange between said equipment units, and a persistence of said conflict beyond a configured interval raises a fault halting both."
281,dependent,279,"The method of claim 279, wherein said equipment unit does not maintain a following distance behind a person moving in a direction of travel thereof, yielding and waiting instead."
282,dependent,277,"The method of claim 277, further comprising computing a clearance envelope from an observed position and velocity of a person over a window and from no further input, treating said clearance envelope as occupied, computing no identity of said person, retaining no said observed position beyond said window, retaining no said clearance envelope beyond an interval governed thereby, and making no said clearance envelope available to a further mechanism or an interface; and treating a full reachable region as occupied where said observed position and velocity do not support a said clearance envelope."
283,dependent,277,"The method of claim 277, wherein where no path satisfies a constraint set said equipment unit stops without reducing a clearance requirement, without proceeding at a reduced speed through a clearance below a configured minimum and without selecting a least-violating trajectory; and wherein a stop persisting beyond a configured interval reports an obstruction together with said clearance model. **The predictive hierarchy and error attribution (claims 284–289)**"
284,dependent,130,"The method of claim 130, further comprising maintaining a plurality of hierarchically ordered expectation levels comprising a first level predicting an element within a knowledge record under construction, a second level predicting a knowledge record given a sequence of knowledge records, a third level predicting an attribute of an instance given a concept thereof, and a fourth level predicting a regularity of a model of a world, wherein a said level predicts within a scope thereof and does not predict a subject of a level above it."
285,dependent,284,"The method of claim 284, further comprising computing for an observation a residual at each said level, attributing said observation to a lowest said level whose said residual constitutes a share of a total of said residuals satisfying a configured share, and applying a revision at said lowest level alone such that a level above said lowest level receives no revision."
286,dependent,285,"The method of claim 285, wherein a said level is attributed to only where a residual of each level below it fails to satisfy said configured share, such that a revision of a said regularity of a model of a world occurs only where a residual at each of said first, second and third levels falls below said configured share."
287,dependent,285,"The method of claim 285, wherein where a residual at no said level satisfies said configured share, said observation is recorded in a persistent contradiction index and no revision is applied at any said level; and wherein a plurality of said observations bearing on a common expectation is surfaced as a pattern."
288,dependent,285,"The method of claim 285, wherein a magnitude of a said revision at a said lowest level is computed from a precision of said observation and a precision of an expectation of said lowest level, such that a level to which a said observation is attributed and a magnitude by which said level is revised are determined independently."
289,dependent,284,"The method of claim 284, wherein no said level revises a constraint registered as governing a physical relation, an observation apparently contradicting a said constraint being recorded in a persistent contradiction index rather than relaxing said constraint. **Differentiated propagation and tri-temporal scope (claims 290–295)**"
290,dependent,1,"The method of claim 1, further comprising assigning to each of a plurality of edge classes of said knowledge records a traversal cost, and bounding a pre-activation of knowledge records proximate to a query by a budget expressed in units of said traversal cost rather than by a count of edges traversed, such that a traversal reaching a first number of edges of a first said edge class and a second number of edges of a second said edge class consumes a budget determined by said traversal costs."
291,dependent,290,"The method of claim 290, wherein a traversal cost of an edge class relating knowledge records by meaning is lower than a traversal cost of an edge class relating knowledge records by a version of a work, which is lower than a traversal cost of an edge class relating knowledge records by time of occurrence."
292,dependent,290,"The method of claim 290, wherein said traversal costs are registered configuration values recorded with an output text derived from said pre-activation such that said pre-activation is reproducible from said recorded values, and wherein no said traversal cost is adjusted by an automated process from an outcome of a prior traversal."
293,dependent,1,"The method of claim 1, further comprising resolving a query in one of a first posture returning a state attested before a stated cutoff, a second posture returning a current state, and a third posture returning a forecast carrying a credible interval; and returning with said output text an indication of which said posture resolved it."
294,dependent,293,"The method of claim 293, wherein a result resolved in said third posture is not admitted as a knowledge record and is unavailable as a grounding source for a subsequent said generating, while a result resolved in said first posture and a result resolved in said second posture are admitted as knowledge records."
295,dependent,293,"The method of claim 293, wherein a proposition of said output text resolved in one said posture carries an indication of that posture where said output text draws upon more than one said posture, such that a difference between a result resolved in said first posture and a result resolved in said second posture is attributable to said postures and not to an inconsistency. **Coherence classification and the context lock (claims 296–302)**"
296,dependent,1,"The method of claim 1, further comprising computing for a knowledge record a coherence value across a plurality of dimensions comprising a semantic, a temporal, a spatial, an editorial, a media and an evidential dimension, and taking as a governing coherence value a least of said plurality rather than a mean thereof, such that a dimension having a value substantially below the others is not concealed by the others."
297,dependent,296,"The method of claim 296, further comprising classifying said knowledge record by said governing coherence value against configured floors, naming with said classification the dimension that produced it, and distinguishing from said classification a state in which a said dimension cannot be computed for want of data and a state in which two knowledge records assert incompatible content."
298,dependent,296,"The method of claim 296, wherein said coherence value adjusts no confidence value, admits no knowledge record to and excludes no knowledge record from said admitted set, and withholds no output text; and wherein an output text resting upon a knowledge record classified below a configured floor is delivered together with said classification and said dimension."
299,dependent,1,"The method of claim 1, further comprising maintaining an enumerated set of context dimensions comprising a device class, an entitlement set, a locale, an expressive register, an audience level, a temporal posture, a table of traversal costs and a convergence regime; computing a key over values of said enumerated set; and returning said key with said output text, wherein an identity of said key between two executions is a condition of an identity of said output text being asserted."
300,dependent,299,"The method of claim 299, wherein two executions differing in a value of a dimension of said enumerated set yield differing said keys and a difference between output texts thereof is not a defect, and two executions differing only in a value not within said enumerated set yield an identical said key and a difference between output texts thereof is a defect."
301,dependent,299,"The method of claim 299, wherein said enumerated set is a member of a fixed enumerated set of subsystems excluded from modification by a proposal generated within the system, such that a dimension is not removed therefrom by an automated process."
302,dependent,290,"The method of claim 290, further comprising computing at a time of traversal a rate of change of a relevance across neighbours of a knowledge record within an edge class, ordering a traversal to prefer a direction of lesser said rate of change, wherein said rate of change is computed from values carried by said knowledge records and is not stored, and wherein said ordering alters an order in which a budget of claim 290 is expended and does not alter which knowledge records are reachable within said budget. **Computational substrate output as an ingested modality (claims 303–306)**"
303,dependent,3,"The method of claim 3, further comprising registering a computational substrate producing a measurable output in response to a stimulus as a source under said declared capability, registering an output thereof as a modality of said plurality of distinct modalities, and registering an extractor for said modality that fails independently of an extractor of a further said modality; wherein an output of said computational substrate is reduced to a knowledge record before admission, is not retained as a raw episode, and is attributed to said computational substrate as an attributed source constituting a source class."
304,dependent,303,"The method of claim 303, wherein an output of said computational substrate is admitted as a measurement of a behaviour of said computational substrate, and is admitted as bearing upon a semantic assertion concerning a subject other than said computational substrate only through an interpretation registered in advance with a provenance and a reliability of its own; and wherein absent a said registered interpretation said output is admitted as said measurement and no further."
305,dependent,304,"The method of claim 304, wherein a confidence value of a knowledge record derived through a said registered interpretation is bounded above by a lesser of a registered reliability of said computational substrate and a registered reliability of said interpretation."
306,dependent,303,"The method of claim 303, further comprising dispatching a stimulus to said computational substrate through a connector under a declared capability, refusing a stimulus not within said declared capability at a boundary of said connector, recording each said stimulus with a dispatching identity, and emitting no said stimulus upon an inference that a stimulus would be useful; and wherein an output of said computational substrate does not adjust a parameter governing when a said stimulus may be dispatched. **Analog realization of the convergence (claims 307–312)**"
307,dependent,250,"The method of claim 250, wherein said iteratively updating is performed by an array of variable-conductance elements arranged at intersections of a plurality of rows and a plurality of columns, wherein said activation values are applied as potentials upon said rows, a weight of said iteratively updating is a conductance of an element of said array, a weighted sum of said iteratively updating is a current at a column of said array, and a stable state is read by comparing a said current against a reference."
308,dependent,307,"The method of claim 307, wherein said array is operated only where said weights are parameterized such that an equilibrium of said iteratively updating is unique, and an array operated under a bound upon a number of stored configurations without said parameterization is refused for said performing, whereby two said arrays whose conductances differ within a fabrication tolerance settle to a common said equilibrium."
309,dependent,307,"The method of claim 307, further comprising registering said array with a dimension thereof, a range of said conductance, a fabrication tolerance and a tolerance to which a settled state is read; and refusing a said array whose registration lacks any thereof."
310,dependent,309,"The method of claim 309, wherein a column whose said current falls within said tolerance of said reference is resolved by a further settling rather than by a rounding, and where a said further settling does not resolve it a state is reported unresolved and said iteratively updating is performed by a digital path."
311,dependent,309,"The method of claim 309, wherein two said arrays operating upon a common input under a common weight specification and yielding settled states differing beyond said tolerance raise a fault, said settled states being neither averaged nor combined, whereby a state reached by no said array is not produced."
312,dependent,308,"The method of claim 308, wherein a proportion of inputs upon which two said arrays whose conductances differ by a fabrication tolerance yield differing settled states is lower under said parameterizing than under said bound upon a number of stored configurations, and wherein a said fabrication tolerance admissible for a said array is determined from said proportion rather than from a specification of said array alone. **AI-engine ingestion: prompt composition, conversion, derivation marking and audit (claims 313–321)**"
313,dependent,1,"The method of claim 1, further comprising: composing a prompt from said knowledge records under said constraint on said permissible output vocabulary and according to a profile registered for an external machine-learning engine, said prompt comprising a semantic marker identifying a concept to be addressed, an extraction instruction specifying a form in which an assertion is to be returned, and an alignment constraint stating a schema into which a returned assertion is to be converted; dispatching said prompt to said engine through a connector under a declared capability; receiving a reply; segmenting said reply into individual assertions; and converting each said assertion into a knowledge record of said record schema, each said knowledge record receiving a temporal anchor from a time of said dispatching, a semantic fingerprint computed over a canonicalized form thereof, and a reference into said provenance chain identifying said prompt, said engine, a version thereof and a position of said assertion within said reply."
314,dependent,313,"The method of claim 313, wherein said composing is deterministic such that an identical request over identical said knowledge records under an identical said profile produces an identical said prompt, whereby a difference between a first said reply and a second said reply to an identical said prompt is attributable to said engine."
315,dependent,313,"The method of claim 313, wherein a said knowledge record converted from a said assertion is admitted to a store of said knowledge records, is related within a concept structure to a concept its said semantic assertion concerns, is traversable within a scope description admitting it, and is subject to said confidence value accumulation, to a detection of contradiction and to an erasure operation identically to a knowledge record extracted from a source other than a said engine."
316,dependent,315,"The method of claim 315, wherein a said knowledge record carries a derivation marking identifying said engine as a field of said record schema, said derivation marking being unmodifiable and unremovable by any operation upon said knowledge record; and wherein a citation resolving to a said knowledge record discloses said derivation marking, such that a recipient of output text citing a said knowledge record is informed that a cited assertion was generated by an identified engine in response to a recorded prompt."
317,dependent,315,"The method of claim 315, wherein each said engine constitutes one source class of said plurality of registered source classes, whereby a plurality of said knowledge records converted from replies of a common said engine yields a diversity measure of unity irrespective of a number thereof; and refusing a corroboration of a first said knowledge record by a second said knowledge record where both are derived from a common said engine."
318,dependent,315,"The method of claim 315, wherein a confidence value of a said knowledge record is bounded above by a reliability registered for said engine, and where said assertion was returned under a said extraction instruction, by a lesser of said reliability and a reliability registered for said extraction instruction; and wherein said reliability registered for said engine is set by an operator and is not adjusted by an output of said engine."
319,dependent,315,"The method of claim 315, further comprising verifying a citation contained within a said assertion against said knowledge records, recording said citation as verified where it resolves to a knowledge record held and as unverified where it resolves to none, and admitting said assertion carrying a said recording of unverified rather than withholding it, whereby a citation resolving to nothing becomes a recorded property of said assertion."
320,dependent,315,"The method of claim 315, further comprising recording for each said knowledge record a chain comprising said prompt, said engine, a version thereof, a time of elicitation, a position within said reply, said derivation marking, a bound applied to said confidence value and a basis thereof, and an outcome of said verifying; and rendering said chain queryable such that a set of said knowledge records derived from a said engine is determinable."
321,dependent,313,"The method of claim 313, wherein an output attributed to an external system and obtained otherwise than by a said dispatching of a said prompt, and a result of a probing of an external system, each remain excluded from a scope description constructed for a query not directed thereto, such that said converting is available only for a reply elicited by a said prompt composed by the method. **Competitive candidate resolution (claims 322–324)**"
322,dependent,1,"The method of claim 1, wherein where a query admits a plurality of mutually-inconsistent interpretations, knowledge records supporting each said interpretation are activated concurrently rather than evaluated in sequence, an activation value of each said knowledge record is reduced in proportion to a sum of activation values of knowledge records supporting an interpretation inconsistent therewith, said activation values are iteratively updated to a stable state, and a knowledge record whose said activation value falls below a configured retention floor is suppressed, whereby an interpretation supported by a surviving configuration is composed."
323,dependent,322,"The method of claim 322, wherein a plurality of said knowledge records surviving said retention floor at comparable activation values yields no resolution and a request for clarification is returned, no interpretation being selected among them; and wherein a coefficient of said reduction and said retention floor are registered configuration values recorded with an output text such that said reduction is reproducible therefrom."
324,dependent,322,"The method of claim 322, wherein said reducing operates upon said knowledge records and not upon a plurality of domains each owning a bounded set of operations, a said domain owning a distinct decision such that no two said domains propose competing resolutions of a common query. **Specialized live data feeds (claims 325–332)**"
325,dependent,3,"The method of claim 3, further comprising registering a live data source with a publication authority, a refresh interval, a staleness bound, a value class, a unit and a dimension thereof, a restatement policy and a redistribution entitlement; and refusing said live data source as a source of a knowledge record admitted to said admitted set where a said registration omits any thereof."
326,dependent,325,"The method of claim 325, wherein a value received from said live data source and having a value class other than a forecast is admitted as a knowledge record at said publication authority without application of an extraction confidence, a modality coefficient or a source reliability, said knowledge record asserting that said publication authority published said value rather than asserting a correctness thereof; and wherein a value having a value class of a forecast is admitted carrying an uncertainty stated by said publication authority."
327,dependent,325,"The method of claim 325, further comprising determining an age of a said value from a time of publication thereof, returning said value where said age is within said staleness bound, and where said age exceeds said staleness bound returning a statement of said age together with said time of publication rather than said value, without extrapolating said value and without substituting a nearest available value."
328,dependent,327,"The method of claim 327, wherein a said value does not undergo a temporal decay of a confidence value thereof, a said value being superseded upon a subsequent publication rather than becoming less certain with age; and wherein an absence of a publication within a configured multiple of said refresh interval marks said live data source interrupted, a query thereagainst returning said interruption rather than a preceding said value."
329,dependent,325,"The method of claim 325, further comprising receiving a revised value for a period already reported and, where said restatement policy so provides, recording said revised value as a restatement related to a preceding said value, said preceding value being retained, not marked erroneous, and remaining queryable as the value published at a publication time thereof; and recording said revised value under said supersession chain with said preceding value marked erroneous only where said revised value is issued as a correction."
330,dependent,329,"The method of claim 329, wherein a revision received under a said restatement policy not admitting it is withheld from admission pending a determination recorded against an identity of an individual human reviewer, no automated process classifying said revision as a restatement or as a correction."
331,dependent,325,"The method of claim 325, wherein said redistribution entitlement specifies one of a display, a derivation, a delayed publication and an unrestricted redistribution; wherein output text that would contain a said value beyond said redistribution entitlement is composed without said value and a statement of said redistribution entitlement is returned; and wherein a value derived from a said value carries said redistribution entitlement of said live data source unless a said derivation is registered as discharging it."
332,dependent,325,"The method of claim 325, further comprising registering a standing query against said live data source, wherein said standing query is evaluated upon a publication of a value and not upon a passage of time, is not evaluated upon a value whose age exceeds said staleness bound, and is suspended upon exceeding a configured rate of evaluation with a notification to an owner thereof rather than continuing to evaluate. **Defined agents (claims 333–341)**"
333,dependent,1,"The method of claim 1, further comprising registering a defined agent upon a definition comprising a purpose and a boundary, an operational function comprising an input type, an output type, a decision rule and an error handling, a scope description, a runtime comprising a trigger condition, a duration bound and a termination condition, a declared capability set, and an approval recorded against an identity of an individual human reviewer; and refusing said registering where an element of said definition is absent, no default being supplied therefor."
334,dependent,333,"The method of claim 333, wherein said declared capability set of said defined agent is bounded above by a capability set of an identity registering said defined agent, and a capability not within said declared capability set is refused at a boundary upon an execution of said defined agent."
335,dependent,333,"The method of claim 333, wherein said operational function is compiled into a representation admitting a sequence, a conditional evaluation, a bounded iteration over a set of a cardinality known before entry thereof, and a typed operation upon a knowledge record, and admitting no unbounded iteration and no recursion without a bound, whereby a termination of an execution is decidable before said execution."
336,dependent,333,"The method of claim 333, wherein an execution of said defined agent resolves said scope description before a traversal and no parameter supplied upon said execution widens said scope description; wherein said execution is metered as a bounded compute-accounting unit scheduled below a unit of a safety-evaluation category, below a unit serving a requester and below a unit of an ingestion category; and wherein a said evaluation by a governance domain is performed upon each said execution rather than upon said registering."
337,dependent,333,"The method of claim 333, wherein an output of said defined agent following necessarily from admitted knowledge records is admissible as a knowledge record carrying a derived-inference type, an output not so following is emitted in a proposed state, a proposed change to a parameter of the system is emitted as a proposal effective only upon a said approval recorded against an individual human reviewer, and a command to an equipment unit is emitted only within a session authorization held by a said individual human reviewer, said defined agent holding no said session authorization."
338,dependent,333,"The method of claim 333, wherein said defined agent terminates upon an expiry of a lifecycle bound recorded at said registering, upon a request of an owner thereof, upon an exclusion by a governance domain, upon a violation of said declared capability set, or upon exceeding a configured error rate, said terminating taking effect before a subsequent said execution; and wherein a renewal of said defined agent constitutes a further said registering requiring a further said approval."
339,dependent,333,"The method of claim 333, further comprising writing upon each said execution a decision trace recording a trigger that fired, said scope description resolved, knowledge records read, a branch taken by each said decision rule, an output produced, a refusal and a cause thereof, and a compute consumed; wherein said decision trace is written by a mechanism performing said execution and not by said defined agent, and is appended to said provenance chain under a keyed checksum."
340,dependent,333,"The method of claim 333, further comprising analysing said definition before said registering, presenting to a registering identity a finding comprising a scope exceeding an entitlement thereof, a termination condition incapable of obtaining, a trigger condition not evaluable within said scope description and a decision rule admitting a non-deterministic resolution, and withholding said registering upon an unresolved said finding; wherein said analysing produces no determination of a compliance of said defined agent, a compliance being established by a said evaluation by a governance domain and by a said approval recorded against an individual human reviewer."
341,dependent,340,"The method of claim 340, wherein a report produced by said defined agent during an execution thereof informs a decision of an owner thereof and does not constitute one, said defined agent effecting no renewal of itself, no widening of said scope description, no extension of said lifecycle bound and no resolution of a said finding."
