id,name,category,citation,chapter,actor,domain,layer,module,algorithm,rule,worked_expression,has_expression
1,Standard Q&A,User-Facing,§52.13.2,52,Reader,D4 Retrieval & Response,Reasoning,D4.ch52,"Parse the query, retrieve candidate Fact Units via the Associative Recall Engine, run the Attractor Network to stabilize the candidate set, compose a response through the Narrative Graph's grounded-generation pipeline, deliver.",Retrieval confidence must clear a minimum threshold before a Fact Unit is offered as grounding.,"=IF(0.62>=0.5,""Included as Grounding"",""Excluded"")",True
2,Guided Exploration,User-Facing,§52.13.2,52,Reader,D4 Retrieval & Response,Reasoning,D4.ch52,"As Standard Q&A, but each turn's candidate retrieval is conditioned on the accumulated Cognitive Context Window from prior turns rather than the query alone.",Context weight decays with turn distance; a fact from 5 turns ago counts less than one from the last turn.,=1/(1+2),True
3,Discussion Mode,User-Facing,§52.13.3,52,Reader / Researcher,D4 Retrieval & Response,Reasoning,D4.ch52,Retrieve Fact Units as in Standard Q&A; adopt a text-grounded viewpoint only where the source material's groundedness for that viewpoint clears a threshold.,Viewpoint adoption is gated on a groundedness score exceeding a fixed threshold.,"=IF(0.8>0.6,""Adopt Viewpoint"",""Retrieve Only"")",True
4,Tutorial Mode,User-Facing,§52.13.2,52,Student,D4 Retrieval & Response,Reasoning,D4.ch52,Sequence a book's Fact Units into ordered instructional steps of increasing difficulty.,Steps are ordered by a difficulty rank; a step's position is its rank among all steps.,"=RANK(3,{1,2,3,4,5})",True
5,Comprehension Check,User-Facing,§52.13.2,52,Student,D14 Learning & Assessment,Experience,,Generate a question from a target Fact Unit; compare a submitted answer's semantic similarity against that Fact Unit's content; correct if similarity clears a threshold.,Answer correctness is a threshold comparison on a semantic-similarity score.,"=IF(0.87>=0.75,""Correct"",""Incorrect"")",True
6,Semantic Exploration,User-Facing,§52.13.2,52,Reader / Researcher,D4 Retrieval & Response,Reasoning,D4.ch52,"Traverse the Ontology Mesh outward from a starting node, surfacing connected nodes ranked by relationship strength.",Neighbors are included only above a relationship-strength threshold.,"=IF(0.55>=0.4,""Include Neighbor"",""Exclude"")",True
7,Timeline Reconstruction,User-Facing,§52.13.2,52,Reader,D4 Retrieval & Response,Reasoning,D4.ch52,Extract TemporalAnchor fields from a book's Fact Units and order them chronologically.,Chronological ordering is a pairwise date comparison.,"=IF(DATE(1848,3,14)<DATE(1849,1,1),""Event A First"",""Event B First"")",True
8,Edition Comparison,User-Facing,§52.13.2,52,Reader,D4 Retrieval & Response,Reasoning,D4.ch52,"Diff the VersionChain entries of two edition-tagged Fact Unit sets, surfacing additions, removals, and changes.",A field differs between editions if its two values are unequal.,"=IF(""v2 text""<>""v1 text"",""Changed"",""Same"")",True
9,Flashcard Generation,User-Facing,§52.13.2.1,52,Student,D4 Retrieval & Response,Reasoning,D4.ch52,"Select a Fact Unit, derive a question/answer pair from its content and SupportingFactUnits, format as a citing study card.",Structural rule: One flashcard derives from exactly one Fact Unit; a card spanning two Fact Units is not generated.,,False
10,Fact Graph Visualization,User-Facing,§52.13.2.2,52,Researcher,D9 Interaction Surfaces,Experience,D9.ch52,Render Ontology Mesh nodes and edges for a given scope as an explicit graph structure.,Structural rule: The rendered graph contains exactly the nodes and edges within the requester's scope description; no node is drawn that traversal would not return.,,False
11,Inline Fact Previews,User-Facing,§52.13.2.2,52,Reader,D9 Interaction Surfaces,Experience,D9.ch52,"On hover/tap of a cited fact reference, retrieve and display that Fact Unit's summary without a new query round-trip.",Structural rule: A preview resolves the cited Fact Unit already retrieved for the response; it issues no new query and can surface no record the response did not cite.,,False
12,Contextual Footnotes,User-Facing,§52.13.2.1,52,Reader,D9 Interaction Surfaces,Experience,D9.ch52,"Attach a Fact Unit's supplementary detail as an inline, dismissible footnote at its citation point.",Structural rule: A footnote attaches at the citation point of the Fact Unit it elaborates and is dismissible without altering the response body.,,False
13,Personal Notes,User-Facing,Chapter 63,63,Reader,D9 Interaction Surfaces,Experience,,Store reader-authored text as a Fact Unit with AccessControlList restricted to the authoring reader alone.,Access is granted only when the requester's identity matches the note's owner.,"=IF(""reader_42""=""reader_42"",""Access Granted"",""Denied"")",True
14,Social Annotations,User-Facing,§52.13.2.1 / Ch63,52,Reader,D9 Interaction Surfaces,Experience,D9.ch52,"As Personal Notes, but AccessControlList defaults to author-configured sharing rather than reader-private.",Visibility depends on a sharing flag rather than strict owner-match.,"=IF(TRUE(),""Visible to Others"",""Private"")",True
15,Message Boards,User-Facing,Chapter 64,64,Reader / Author,D9 Interaction Surfaces,Experience,D9.ch64,Route a post into one of four board-type partitions per the poster's role; apply moderation-action checks on write.,Board partition is selected from a fixed enumeration by type index.,"=CHOOSE(2,""Book-Wide"",""Chapter"",""Class"",""Announcement"")",True
16,Private Messaging,User-Facing,§82.2,82,Reader / Author,"D8 Access, Rights & Retention",Experience,D8.ch82,Write a DirectMessage Fact Unit with AccessControlList restricted to exactly the sending and receiving identity.,Access is granted only to the two identities named on the message.,"=IF(OR(""reader_9""=""reader_9"",""reader_9""=""author_3""),""Access Granted"",""Denied"")",True
17,Reader History Interface,User-Facing,§36.8,36,Reader,"D8 Access, Rights & Retention",Experience,D8.ch36,"Chronological record of every session across every owned book, each entry expandable to show what was retrieved.","Sessions are ordered by timestamp, most recent first.","=IF(DATE(2026,8,10)>DATE(2026,8,1),""Shown First"",""Shown Later"")",True
18,Cross-Book Thematic Analysis,User-Facing,Chapter 36,36,Reader / Student,"D8 Access, Rights & Retention",Experience,D8.ch36,"Analyze a reader's own query-history Fact Units for recurring semantic clusters, then match against Ontology Mesh nodes in other owned books.",A cross-book match requires cluster similarity above a threshold.,"=IF(0.71>=0.6,""Genuine Connection"",""No Match"")",True
19,QBQL Structured Query,User-Facing,Chapter 18,18,Researcher,D4 Retrieval & Response,Reasoning,D4.ch18,"Parse a declarative query against the Fact Graph schema, resolve predicates, execute as a deterministic read-only traversal.","Pure function of (query, current state) — no side effects.",,False
20,NLPL Natural-Language Programs,User-Facing,Chapter 48,48,Researcher / Author,D4 Retrieval & Response,Reasoning,D4.ch48,Break the natural-language instruction into its constituent components before any code is generated.,Structural rule: Decomposition into operational intents completes before any intent is bound to a concrete entity; an ambiguous binding halts compilation rather than resolving it.,,False
21,Application Library and Generator,User-Facing,Chapter 39,39,Reader,"D10 Authoring, Editions & Publication",Experience,,Match a plain-language request against the existing template library by task/domain similarity; compose a new template only where no adequate match exists.,"A library match is used only above a similarity threshold; below it, composition is triggered.","=IF(0.4>=0.65,""Use Existing Template"",""Compose New Template"")",True
22,Video Colorization & Upscaling (VCUM),User-Facing,Chapter 44,44,Reader / Researcher,"D10 Authoring, Editions & Publication",Experience,D10.ch44,Semantic Colorization Engine infers plausible color per-region from identified material class and lighting; upscaling synthesizes detail constrained to remain consistent with the source.,Deterministic inference function: identical inputs always yield the identical inferred color.,,False
23,Immersive 3D Scenes (IQR),User-Facing,Chapter 46,46,Reader,D9 Interaction Surfaces,Experience,D9.ch46,"Where grounding Fact Units carry sufficient spatial detail, instantiate WASM Fact Units as a renderable 3D scene.",Scene rendering is triggered only once spatial-detail sufficiency clears a threshold.,"=IF(0.8>=0.7,""Render 3D Scene"",""Text Only"")",True
24,Tour and Exhibition Mode,User-Facing,§46.9,46,Author / Reader,D9 Interaction Surfaces,Experience,D9.ch46,Sequence author-selected IQR scenes into ordered Waypoints; playback steps through at reader-controlled pace.,Waypoint order is a fixed sequence index.,"=INDEX({""Scene A"",""Scene B"",""Scene C""},2)",True
25,Presenter Mode,User-Facing,§46.10,46,Author,D9 Interaction Surfaces,Experience,D9.ch46,"Verify the requested presence mode against the author's current, mode-specific, non-revoked Author Authorization Record.",Authorization is granted only if the specific mode is both authorized and not revoked.,"=IF(AND(TRUE(),NOT(FALSE())),""Authorized"",""Denied"")",True
26,Instructor-Created Tours,User-Facing,Chapter 83,83,Instructor,D9 Interaction Surfaces,Experience,D9.ch83,"Sequence a Tour from already-published scenes, composed by an instructor rather than the author; carries non-removable ContentRole = INSTRUCTOR attribution.","Attribution label is fixed by content role, not editable by the instructor.","=IF(""INSTRUCTOR""=""INSTRUCTOR"",""Label: Instructor-Created"",""Label: Author-Curated"")",True
27,Instructor Notes,User-Facing,§83.1,83,Instructor,D9 Interaction Surfaces,Experience,D9.ch83,"As Personal Notes, but AccessControlList is scoped to the instructor's class roster.",Access is granted only to identities on the class roster.,"=IF(COUNTIF({""student_1"",""student_2"",""student_3""},""student_2"")>0,""Access Granted"",""Denied"")",True
28,Session Books,User-Facing,§84.1,84,Reader / Researcher,D9 Interaction Surfaces,Experience,,Construct a delta reference over the reader's library without copying underlying Fact Units; purge on session end.,"The delta is a reference set, not a copy; its size is independent of the underlying library size.",,False
29,Instructor-Customized Assessment Templates,User-Facing,§84.2,84,Instructor,D14 Learning & Assessment,Experience,,Store instructor-chosen structural parameters as a reusable template; apply structure to Comprehension Check generation while sourcing content from the Fact Graph.,Question count is bounded by the template's configured maximum.,"=MIN(12,10)",True
30,Instructor Grant Visibility Dashboard,User-Facing,Chapter 85,85,Instructor,"D8 Access, Rights & Retention",Experience,,"Query all active instructor-grant Fact Units for the viewing identity; join against Class Board, Instructor Tour, and Assessment Template records.",A grant is shown only while its status is active.,"=IF(""ACTIVE""=""ACTIVE"",""Show on Dashboard"",""Hide - Expired"")",True
31,Manuscript Upload,User-Facing,§61.1.1,61,Author,"D10 Authoring, Editions & Publication",Experience,D10.ch61,Ingest the uploaded file in a single event; tag resulting Fact Units DraftStatus = DRAFT; restrict visibility until explicit submission.,Visibility is gated on DraftStatus.,"=IF(""DRAFT""=""DRAFT"",""Author-Only Visibility"",""Public"")",True
32,Manuscript Editor,User-Facing,§61.1,61,Author,"D10 Authoring, Editions & Publication",Experience,D10.ch61,Accumulate Fact Units incrementally per edit; each edit versioned through the standard VersionChain mechanism.,Each edit increments the version counter by exactly one.,=3+1,True
33,Narrative Coherence Checking,User-Facing,§61.2,61,Author,"D10 Authoring, Editions & Publication",Experience,D10.ch61,"Apply Discussion Mode's critical-analysis capability to the draft's own Fact Graph, surfacing internal contradictions.",A contradiction is flagged when two Fact Units assert incompatible values for the same subject/field.,"=IF(""alive""<>""deceased"",""Contradiction Found"",""Consistent"")",True
34,Counterfactual Exploration (Drafting),User-Facing,§61.3,61,Author,"D10 Authoring, Editions & Publication",Experience,D10.ch61,"Construct a Scenario Graph COUNTERFACTUAL branch from the draft's current state, preserving both branches.",Both counterfactual branches are preserved; branch count after divergence is two.,"=IF(1+1>=2,""Both branches preserved"",""Branch lost"")",True
35,Supplemental Content,User-Facing,§82.1,82,Author,"D8 Access, Rights & Retention",Experience,D8.ch82,"Ingest author-provided material, tag ContentRole = SUPPLEMENTAL, link to the parent book without altering its Rights Validation status.",Rights status is read-only from the supplemental-ingestion path; it cannot be modified by this operation.,"=IF(""VALIDATED""=""VALIDATED"",""Rights Status Unchanged"",""Rights Status Unchanged"")",True
36,Multi-Author Collaboration,User-Facing,Chapter 74,74,Co-Authors,"D10 Authoring, Editions & Publication",Experience,,Detect concurrent-write divergence via VersionChain head comparison.,A conflict exists when two authors' starting version heads differ from the current head.,"=IF(3<>5,""Conflict Detected"",""No Conflict"")",True
37,Author-Hosted Reader Events,User-Facing,Chapter 62,62,Author / Instructor,"D10 Authoring, Editions & Publication",Experience,,Register an external collaboration platform once via the Source Connector Registry; dispatch scheduling/invitation calls through it.,Structural rule: An event operation is dispatched only through a connector registered under a declared capability; the platform's broader authority does not become system authority.,,False
38,Class Boards,User-Facing,§64.1,64,Instructor / Student,D9 Interaction Surfaces,Experience,D9.ch64,"As Message Boards, scoped to a specific instructor + class pairing.",Structural rule: Board scope is the intersection of an instructor identity and a class roster; a post is visible only within that pairing.,,False
39,Publisher Submission and Print-on-Demand,User-Facing,Chapter 60,60,Publisher / Author,"D10 Authoring, Editions & Publication",Experience,D10.ch60,Accept a manuscript/title submission and route it into the publishing workflow.,Structural rule: Rights validation precedes routing into the publishing workflow; an unvalidated submission does not enter it.,,False
40,Market Analytics,User-Facing,§60.6,60,Publisher,"D10 Authoring, Editions & Publication",Experience,D10.ch60,Aggregate distribution and usage Fact Units for a title into standard reporting views.,A total is the sum of per-region unit counts.,"=SUM(120,340,75)",True
41,Moderation Appeals,User-Facing,Chapter 75,75,Reader / Author,D11 Platform Governance & Evolution,Platform,,Affected identity submits an AppealUnit referencing the original moderation action's Provenance Ledger entry.,"Structural rule: An appeal is evaluated by a reviewer other than the moderator whose action is appealed, and references that action's ledger entry.",,False
42,Data Export / Portability,User-Facing,Chapter 72,72,Reader / Author / Researcher,"D8 Access, Rights & Retention",Experience,,Query all Fact Units the requesting identity has rights to within scope; serialize to the target open format with provenance attached; continued access is unaffected.,Structural rule: Export covers exactly the Fact Units the requesting identity holds rights to; export is not conditioned on continuing entitlement and withdraws no access.,,False
43,Accessibility Suite,User-Facing,Chapter 71,71,Reader,"D10 Authoring, Editions & Publication",Experience,,Generate the required accessible-equivalent Fact Unit from the same source at production time; gate production-complete status on the equivalent's presence.,Content is production-complete only if its accessible equivalent also exists.,"=IF(AND(TRUE(),TRUE()),""Production Complete"",""Incomplete - Missing Equivalent"")",True
44,Precision Geometric/Color Registration,User-Facing,§46.10.8 / Ch70,46,Author,D6 World Model & Perception,Knowledge,,Represent presenter reference material as Color Fact Units with a DeltaEThreshold; run the 3-pass Registration Constraint Graph solver; surface any drift finding rather than auto-correcting.,ΔE (CIE76) computed per Waypoint transition; a finding is raised when ΔE exceeds the authored threshold.,=SQRT((50-52)^2+(20-19)^2+((-10)-(-11))^2),True
45,Geometric Proof Engine,User-Facing,§70.9,70,Researcher / Student,D6 World Model & Perception,Knowledge,,"Apply a fixed rule set to existing Geometry/Constraint Fact Units, producing a cited proof step for each derived relationship; halt on contradiction.",Illustrates the complementary-angle rule with example angles 35°/55°.,"=IF(35+55=90,""Complementary"",""Not Complementary"")",True
46,Human Reasoning and Motivation Modeling,User-Facing,Chapter 80,80,Researcher,"D5 Inference, Prediction & Calibration",Reasoning,,Construct Goal/Motivation Fact Units with a mandatory Subject reference; represent pursuit via Scenario Graph PLANNING anchored to WASM Affordance data.,Confidence in an inferred (vs. stated) motivation is discounted relative to a directly-stated one.,=0.9*0.6,True
47,Autonomous Agent Connector,User-Facing,§49.3.3.6,49,Author / Publisher,D12 External Integration & Analysis,Platform,D12.ch49,"Dispatch a QBPL-compiled, declared action to a registered external agent per its Capability Declaration; log request/result to the Provenance Ledger.",An action is only dispatched if it appears in the connector's declared capability set.,"=IF(COUNTIF({""schedule_event"",""send_invite""},""schedule_event"")>0,""Dispatch Allowed"",""Blocked - Undeclared"")",True
48,Optional External Fact-Retrieval Connector,User-Facing,Chapter 81,81,Researcher,D12 External Integration & Analysis,Platform,,"Dispatch a directed query to a registered external fact-retrieval connector, where one is registered, and convert the returned result into a native Fact Unit at the connector boundary under the ordinary ingestion path, safety evaluation and confidence calibration. The connector is one connector among others under the capability-declaration contract; it is optional, it is not a substrate, and every mechanism of this specification operates identically where none is registered. A separately-patented external system of this kind may be connected on these terms without becoming a component or a dependency.",Core operation is invariant to connector presence: the mechanism set executed is identical whether or not an external fact-retrieval connector is registered.,"=IF(COUNTIF({""registered"",""absent""},""absent"")>0,""Core operates identically"",""Core operates identically"")",True
49,Human-Directed Improvement Proposals,User-Facing,§78.6,78,Entitled Author / Admin,D11 Platform Governance & Evolution,Platform,D11.ch78,"Accept a directly-submitted Proposal Fact Unit from an entitled identity, bypassing telemetry-based identification but not the downstream sandbox/pre-screen/review stages.",Structural rule: A human-submitted proposal enters the same evaluation and approval gate as a telemetry-identified one; bypassing telemetry does not bypass review.,,False
50,Fact Unit Schema,Internal,Chapter 3 / Appendix A,3,—,D2 Knowledge Substrate,Knowledge,,Every knowledge unit is instantiated with a fixed field set regardless of source modality or FactType.,"FUID is a deterministic function of (content, source, timestamp).",,False
51,Multimodal Ingestion Pipeline,Internal,Chapter 4,4,—,D1 Ingestion & Sensory Intake,Knowledge,D1.ch4,Identify which of the eight defined modalities the incoming content matches.,Detection selects the modality with the highest match score among the eight defined bits.,"=INDEX({""Text"",""Structured"",""Image"",""Audio"",""Video"",""Sensor"",""KG"",""Code""},MATCH(MAX({0.1,0.9,0.2,0.05,0.1,0,0,0}),{0.1,0.9,0.2,0.05,0.1,0,0,0},0))",True
52,Classification Fallback,Internal,§4.2.1,4,—,D1 Ingestion & Sensory Intake,Knowledge,D1.ch4,Attempt best-effort resolution to the nearest of the eight modalities; halt with a stated reason where no reasonable resolution exists.,Resolution proceeds only if best-match confidence clears a minimum threshold; otherwise halt.,"=IF(0.3>=0.5,""Resolve to Nearest Modality"",""Halt - Unclassified"")",True
53,Provenance Ledger,Internal,Chapter 5,5,—,D2 Knowledge Substrate,Knowledge,,Append each consequential operation as a node in a Merkle DAG; compute a keyed checksum sufficient to detect a Safety Substrate bypass.,A checksum mismatch indicates the recorded safety evaluation does not match what actually ran.,"=IF(""A1B2C3""=""A1B2C3"",""Checksum Valid"",""Bypass Detected"")",True
54,Ontology Mesh,Internal,Chapter 6,6,—,D3 Ontology & Conceptual Structure,Knowledge,,"Build relationship edges between Fact Units only where the underlying facts actually connect, not from statistical co-occurrence.","An edge is created only if a real, named relationship type applies.","=IF(COUNTIF({""causal"",""comparative"",""shared-entity""},""causal"")>0,""Edge Created"",""No Edge"")",True
55,Neuromorphic Cognitive Layer / Attractor Network,Internal,Chapter 7,7,—,D4 Retrieval & Response,Reasoning,D4.ch7,"Given an initial candidate activation set, iteratively update each activation using neighboring weighted activations until convergence.","a_i(t+1) = sign( Σ_j W_ij × a_j(t) − θ_i ), reliable capacity ≈ 0.14N stable patterns for N units.","=SIGN(SUMPRODUCT({0.5,0.3,-0.2},{1,1,0})-0.1)",True
56,Safety Substrate,Internal,Chapter 8,8,—,D0 Prime Directive,Governance (vertical),,"Evaluate every operation against SafetyFlags-derived rules at each mandatory, synchronous enforcement point.",An operation proceeds only if it passes every one of its applicable gates.,"=IF(AND(TRUE(),TRUE(),TRUE()),""Proceed"",""Blocked at Gate"")",True
57,Semantic Transport Layer,Internal,Chapter 9,9,—,D4 Retrieval & Response,Reasoning,,Route Fact Units between subsystems based on FactType and subscriber-declared filter predicates.,A subscriber receives a Fact Unit only if it matches every declared filter predicate.,"=IF(AND(TRUE(),TRUE()),""Delivered to Subscriber"",""Filtered Out"")",True
58,Predictive Inference Engine (PIE),Internal,Chapter 10,10,—,"D5 Inference, Prediction & Calibration",Reasoning,D5.ch10,"Integrate four input streams into a probabilistic forward projection of future knowledge states, with confidence intervals.","Illustrates the trend-projection component only — output is an interval estimate, not a single deterministic value.","=TREND({10,12,14,16},{1,2,3,4},5)",True
59,Scenario Graph,Internal,Chapter 11,11,—,"D5 Inference, Prediction & Calibration",Reasoning,,Represent a hypothetical as a Knowledge State Snapshot delta rather than copying the full graph; prune low-probability branches against a threshold.,A branch is pruned when its probability falls below the configured threshold.,"=IF(0.03<0.05,""Prune Branch"",""Retain Branch"")",True
60,Narrative Graph,Internal,Chapter 12,12,—,D7 Grounded Expression,Reasoning,,Construct typed edges between Fact Units to mediate response composition; flag narrative gaps where no supporting edge exists.,Structural rule: Every Narrative Graph edge references at least one Fact Unit; an edge without such a reference is not constructed.,,False
61,QueryBook Format (QBF),Internal,Chapter 13,13,—,D2 Knowledge Substrate,Knowledge,,Serialize Fact Units to a binary frame format permitting resynchronization to the next valid frame after corrupted data.,"Structural rule: A frame boundary is recoverable without reparsing the preceding frame, so a corrupt frame costs one frame rather than the stream.",,False
62,Storage Architecture,Internal,Chapter 14,14,—,D2 Knowledge Substrate,Knowledge,,Tier Fact Units across storage layers by access-recency/frequency; index for similarity and exact-match retrieval.,A Fact Unit is promoted to a hotter tier once its access count exceeds a threshold.,"=IF(42>20,""Promote to Hot Tier"",""Remain in Current Tier"")",True
63,AGI Extension Modules (AEM),Internal,Chapter 15,15,—,"D5 Inference, Prediction & Calibration",Reasoning,,Synthesize a new derived insight from multiple existing Fact Units where no single Fact Unit directly answers a query.,"A synthesized insight carries a confidence trajectory distinct from, and generally lower than, any single contributing fact.","=MIN(0.8,0.75)",True
64,Multilingual Regeneration Engine (MRE),Internal,Chapter 16,16,—,D7 Grounded Expression,Reasoning,D7.ch16,Regenerate output in a target language directly from the language-independent Narrative Graph and SemanticHash-linked Fact Units.,Back-translation of a regenerated output must yield a SemanticHash within the configured distance of the original (§16.5).,"=IF(0.04<=0.05,""Round-trip within tolerance"",""Regeneration rejected"")",True
65,Cross-Domain Rule Engine (CDRE),Internal,Chapter 17,17,—,D3 Ontology & Conceptual Structure,Knowledge,,"Evaluate a probabilistically-weighted, temporally-scoped rule set incrementally, maintaining a persistent Conflict Index.",A contradiction entry is added to the index when two active rules produce incompatible conclusions.,"=IF(""true""<>""false"",""Contradiction Logged"",""Consistent"")",True
66,QBQL (execution floor),Internal,Chapter 18,18,—,D4 Retrieval & Response,Reasoning,D4.ch18,Execute a declarative query as a read-only graph traversal with no mutation or control-flow capability.,"Pure function of (query, state) — no hidden state carried between evaluations.",,False
67,QBPL (bounded program layer),Internal,"§48.3, §48.5",48,—,D4 Retrieval & Response,Reasoning,D4.ch48,Compile to one of nine fixed primitives; REPEAT-UNTIL-BOUND enforces a hard iteration ceiling at compile time.,Primitive set is finite (|P| = 9); non-Turing-complete by construction.,"=MIN(150,100)",True
68,Clarification Generation Engine,Internal,Chapter 37,37,—,D4 Retrieval & Response,Reasoning,,Detect genuine referential ambiguity or a repetition/frustration signal; generate an anchored clarifying question rather than guessing.,Ambiguity is flagged when top-candidate confidence scores are too close to separate.,"=IF(ABS(0.51-0.49)<0.1,""Ask Clarifying Question"",""Proceed"")",True
69,Natural Language Interaction Layer (NLIL),Internal,Chapter 50,50,—,D4 Retrieval & Response,Reasoning,,"Select vocabulary, structural format, and explanatory depth for phrasing based on inferred audience profile; the underlying fact is never altered.",The selected audience profile must resolve to a defined expertise level; the underlying Fact Unit is never altered by the selection.,"=IF(AND(4>=1,4<=7),""Audience profile applied; fact unaltered"",""Refused - expertise level out of range"")",True
70,Fact Universe Architecture,Internal,Chapter 51,51,—,D4 Retrieval & Response,Reasoning,,"Define the structural relationship between the Fact Graph, Ontology Mesh, and Provenance Ledger as coordinated views over one substrate.","Structural rule: The Fact Graph, Ontology Mesh and Provenance Ledger are addressable as one structure over which a single scope description resolves.",,False
71,"Adaptive Response Engine (ARE, pipeline)",Internal,§52.8,52,—,D4 Retrieval & Response,Reasoning,D4.ch52,Analyze the candidate Fact Units retrieved for a specific query.,Structural rule: Response profile resolution completes before generation begins; the directive is fixed for the response and is not renegotiated mid-generation.,,False
72,World Aware System Model (WASM),Internal,Chapter 53,53,—,D6 World Model & Perception,Knowledge,D6.ch53,"Maintain Object, Relation, Physics, and Affordance layers as Fact Units, queryable by IQR for scene instantiation.","Structural rule: Object, Relation, Physics and Affordance layers are maintained as Fact Units and are queryable on the same terms as any other record.",,False
73,Conceptual Memory Layer (CML),Internal,Chapter 54,54,—,D3 Ontology & Conceptual Structure,Knowledge,D3.ch54,"Persist long-term, stable world-model abstractions distinct from the transient Cognitive Context Window.",Structural rule: An abstraction persisted to long-term store retains the generalized concept and discards the episode it derived from.,,False
74,Sensory Abstraction Pipeline (SAP),Internal,Chapter 55,55,—,D1 Ingestion & Sensory Intake,Knowledge,D1.ch55,Reduce raw perceptual input to structured concept-level Fact Units suitable for WASM/CML consumption.,Structural rule: Raw perceptual input is reduced to concept-level records before admission; no raw episode is admitted to the concept store.,,False
75,VCUM Semantic Colorization Engine (SCE),Internal,§44.3.1,44,—,"D10 Authoring, Editions & Publication",Experience,D10.ch44,"Infer color for content lacking reliable existing color information from material class, lighting, and historical priors.",Deterministic: identical inputs always yield the identical inferred color.,,False
76,VCUM Agent Specifications,Internal,Chapter 45,45,—,"D10 Authoring, Editions & Publication",Experience,,Define the per-agent task decomposition within the VCUM restoration pipeline.,Structural rule: Each restoration agent performs exactly the task its specification declares; an agent performs no task outside its declared decomposition.,,False
77,Live Fact Graph,Internal,§49.2,49,—,D12 External Integration & Analysis,Platform,D12.ch49,Maintain a continuously-updating layer of the Fact Graph reflecting the most recent ingested/inferred state.,Structural rule: The live layer is read as an overlay on the committed layer; a provisional provenance reference is finalized on durable write and never altered thereafter.,,False
78,Continuous Query Engine (CQE),Internal,§49.5,49,—,D12 External Integration & Analysis,Platform,D12.ch49,"Register a WATCH program with a trigger clause; re-evaluate on every relevant update, re-checking Prime Directive compliance at each firing.","Re-evaluation happens on every firing, not once at registration — the count of checks equals the count of firings.",=5*1,True
79,Structural Groundedness Enforcement,Internal,§16 / Narrative Graph,16,—,D7 Grounded Expression,Reasoning,D7.ch16,Restrict candidate output vocabulary to terms derivable from Narrative Graph edges traceable to supporting Fact Units; reject untraceable propositions.,A proposition is rejected unless it traces to at least one supporting Fact Unit.,"=IF(1>=1,""Include in Output"",""Reject - Ungrounded"")",True
80,Offline Synchronization Layer,Internal,Chapter 68,68,—,D2 Knowledge Substrate,Knowledge,,Select a sync mode based on connectivity; reconcile divergent offline/online states via version-vector comparison on reconnection.,Reconciliation is required whenever the offline and online version vectors differ.,"=IF(4<>7,""Reconciliation Required"",""Already in Sync"")",True
81,Portal / Role Model,Admin,Chapter 65,65,Platform Admin,"D8 Access, Rights & Retention",Experience,,"Resolve an identity's accessible capabilities as the union of held Role(s) plus active capability grants, each evaluated independently.","Access to a capability is the logical OR of role-based and grant-based access, never merged into a combined elevated set.","=IF(OR(FALSE(),TRUE()),""Access Granted"",""Denied"")",True
82,Improvement Proposal Pipeline,Admin,Chapter 66,66,Platform Admin,D11 Platform Governance & Evolution,Platform,,Telemetry-driven or human-directed identification of a subsystem-scoped improvement candidate.,Structural rule: A candidate is scoped to a single subsystem; a candidate targeting a member of the permanently-excluded set is refused at identification.,,False
83,QueryBook AI Evolution (System Agents),Admin,Chapter 78,78,Platform Admin,D11 Platform Governance & Evolution,Platform,D11.ch78,A System Agent's Candidate Identification is bounded to its assigned subsystem; resulting proposals enter the identical pipeline as any human-originated candidate.,An agent cannot approve its own or another agent's proposal.,"=IF(""agent_3""=""reviewer_id"",""Self-Approval Blocked"",""Independent Review Required"")",True
84,Formal Verification Layer,Admin,Chapter 79,79,Platform Admin,D11 Platform Governance & Evolution,Platform,,Generate a machine-checked proof of a precisely-stated property for a QBPL/WATCH program or proposal.,Property truth is decidable over the bounded QBPL primitive set.,"=IF(TRUE(),""Property Proven"",""Proof Failed - Property False"")",True
85,License and Entitlement Management,Admin,Chapter 67,67,Platform Admin,"D8 Access, Rights & Retention",Experience,,Map an organizational license to Role-scoped seats; check seat and entitlement status before granting access.,Access requires both an available seat and the specific entitlement.,"=IF(AND(TRUE(),TRUE()),""Access Granted"",""Denied - Missing Seat or Entitlement"")",True
86,QBCL-CMS (Configuration Management),Admin,Chapter 47,47,Platform Admin,D11 Platform Governance & Evolution,Platform,,"Parse and apply platform-level configuration changes through a defined configuration language, versioned like any other change.",Structural rule: A configuration change is versioned and recorded on the same terms as any other change; an unversioned change is not applied.,,False
87,Source Connector Registry,Admin,§49.3.3,49,Platform Admin / Author,D12 External Integration & Analysis,Platform,D12.ch49,Register an external system against a fixed contract; evaluate every connector under the identical Trust Boundary regardless of name.,Trust level is identical for every registered connector — not a function of the platform's name or popularity.,"=IF(""Zoom""<>""Trust Level"",""Standard Trust Boundary"",""Standard Trust Boundary"")",True
88,Robot Memory Domain (RMD),Admin,Chapter 56,56,Integration Operator,D6 World Model & Perception,Knowledge,,Ingest robot/agent sensor data into Fact Units; deliver structured knowledge back; support WATCH-driven continuous behavior.,Structural rule: Sensor data enters through the ordinary ingestion path and structured knowledge is returned; no raw sensory episode from an agent is retained.,,False
89,Template Debug Mode,Admin,Chapter 73,73,Platform Admin,D11 Platform Governance & Evolution,Platform,,"Pause execution at existing pipeline-stage boundaries, exposing Fact Unit bindings, Safety results, and Slice measurements at each pause.",Structural rule: Instrumentation pauses at existing pipeline-stage boundaries of an actual execution; it introduces no stage and simulates none.,,False
90,Processor Slice Measurement Model,Admin,Chapter 69,69,Platform Admin,D11 Platform Governance & Evolution,Platform,,Classify and log the compute cost of every operation into a defined Slice category; Safety Gate and Recovery Slices are prioritized above all others.,Safety Gate priority always outranks any other Slice category when contended.,"=IF(""SafetyGate""=""SafetyGate"",""Highest Priority"",""Standard Priority"")",True
91,Validation and Benchmarking,Admin,Chapter 77,77,Platform Admin,D11 Platform Governance & Evolution,Platform,,Define a reproducible benchmark for an existing design-target figure; run it and mark the figure validated or retract it.,A design-target figure is validated only if the measured result falls within its stated tolerance.,"=IF(ABS(102-100)<=5,""Validated"",""Retracted - Out of Tolerance"")",True
92,Platform Internationalization,Admin,Chapter 76,76,Platform Admin,D11 Platform Governance & Evolution,Platform,,Apply locale-specific presentation without altering Safety Substrate or Prime Directive evaluation in any locale.,Safety evaluation outcome is identical regardless of locale.,"=IF(TRUE()=TRUE(),""Same Safety Outcome Every Locale"",""N/A"")",True
93,Moderation Actions,Admin,§64.4,64,Author / Instructor / Platform Admin,D11 Platform Governance & Evolution,Platform,,"Apply a flag/hide/lock/archive action to target content, logging moderator identity and reason; reversible only via Appeals.",An action is applied only if the flag count for the content reaches the configured threshold.,"=IF(4>=3,""Action Applied"",""Below Threshold - No Action"")",True
94,Deployment Architecture,Admin,Chapter 19,19,Platform Admin,D11 Platform Governance & Evolution,Platform,,Roll out an approved change in stages rather than all at once.,Structural rule: Progression to each successive rollout stage is conditioned on the recorded human approval; no stage advances automatically.,,False
95,Optional Blockchain Ownership-Verification Connector,Admin,§49.3.3.8,49,Publisher,D12 External Integration & Analysis,Platform,D12.ch49,"On a resale/transfer request for a title with this connector registered, dispatch a verification query to the external service; QueryBook remains the requesting party only.",Structural rule: A verification request is dispatched only for the specific title and only to the requesting party; no ownership record is retained by the system.,,False
96,Live Interaction Voice Signal Analysis,User-Facing,Chapter 87,87,Reader,D12 External Integration & Analysis,Platform,,"If user has opted in for the session, extract prosodic features from live audio and feed as an optional trigger to the Clarification Generation Engine; discard on session end unless separately retained.",Analysis runs only where session consent is active and the prosodic salience clears the trigger threshold.,"=IF(AND(TRUE(),0.71>=0.65),""Clarification trigger raised"",""No trigger"")",True
97,World-View Model (WVM),Internal,§42.2.1,42,System,D6 World Model & Perception,Knowledge,,"Maintain the native ontological, causal, and temporal structure underlying QueryBook's own reasoning, distinct from WASM's world-model domain and from any external hypergraph substrate.","Structural rule: The ontological, causal and temporal structure is maintained natively; no external model is required to express it.",,False
98,Contextual Commerce Layer,User-Facing,Chapter 88,88,Reader,D13 Commerce & Entitlement Tokens,Platform,D13.ch88,"After grounded answer is fully computed, resolve query's concept_id; match against registered commerce sources; render in separate labeled region.",priority(Commerce Slice) < priority(Safety Gate Slice) for all t,"=IF(AND(A2=""grounded_complete"",B2=""concept_resolved""),""eligible_for_commerce_match"",""blocked"")",True
99,Commerce Processing Slice and Selection Weighting,Internal,§88.8–§88.9,88,System,D13 Commerce & Entitlement Tokens,Platform,D13.ch88,"Meter each commerce operation as a bounded Slice; where multiple candidates match a resolved concept_id, select via a weighted combination of relevance, source priority, and bid, applied only to already-matched candidates.","score = w1*relevance + w2*source_priority + w3*bid, Σw=1","=SUMPRODUCT({0.4,0.3,0.3},{0.9,0.7,0.6})",True
100,Commerce Optimization Proposals,Admin,§88.10,88,System Agent / Human Reviewer,D13 Commerce & Entitlement Tokens,Platform,D13.ch88,"Route any proposed change to commerce targeting or bid weighting through Chapter 66's full Simulation Sandbox, Pre-Screening, and Human Review Gate; no autonomous deployment path exists for commerce optimization.",Structural rule: A proposed commerce change enters the full improvement-proposal gate; no commerce parameter changes without a recorded human approval.,,False
101,Merchandise Commerce and Fulfillment Handoff,User-Facing,§88.12,88,Publisher / Reader,D13 Commerce & Entitlement Tokens,Platform,D13.ch88,"On merchandise purchase intent, dispatch a scoped referral to a registered external commerce platform via the Source Connector Registry; QueryBook never captures payment data, processes payment, or acts as fulfillment operator.",Structural rule: A merchandise referral is scoped to the referring party alone; the system takes no custody of the transaction.,,False
102,System Identity and Positioning,Admin,Chapter 86,86,Operator,D11 Platform Governance & Evolution,Platform,,"On any external summary request, resolve claims against §86's stated differentiators and corrections rather than unverified external description.",Structural rule: An external summary is resolved against the stated differentiators and corrected where it overstates them; no uncorrected overclaim is issued.,,False
103,Native QueryBook Reader,User-Facing,Chapter 89,89,Reader,D9 Interaction Surfaces,Experience,,Render EPUB 3.3 content as a conformant Reading System; QueryBook interactions triggered by ignorable data-qb-* attributes on otherwise-standard markup.,Structural rule: Reading-system conformance is maintained independently of QueryBook interaction; interaction adds capability and removes no conformant behaviour.,,False
104,Deployment Modes and Domain Packages,Admin,Chapter 90,90,Operator,D11 Platform Governance & Evolution,Platform,,"Run identical logical services across Cloud SaaS, Local Server, and Single Device modes, differing only in hosting topology, not specification.",Structural rule: The same logical services execute in every deployment mode; a mode changes where a service runs and not which service owns a decision.,,False
105,Personal Object Location,User-Facing,Chapter 91,91,User,D6 World Model & Perception,Knowledge,D6.ch91,"On consented live feed, classify inanimate objects/materials against WASM Object Layer; discard any person/animal-classified result; represent as session-scoped record.",Structural rule: Classification is restricted to inanimate objects and materials; a person- or animal-classified result is excluded from the result set entirely.,"=IF(OR(""person""=""person"",""person""=""animal""),""discard"",""surface_result"")",True
106,Sensory-Annotated Content Playback,User-Facing,Chapter 92,92,Reader,D1 Ingestion & Sensory Intake,Knowledge,D1.ch92,"On content with a sensory profile attribute, play audio/visual/device-haptic output via device-native APIs only; opt-in for audio/haptic, default-on for passive visual effects.",Structural rule: Sensory output plays only where the content carries an authored sensory profile; no output is triggered by an inferred state.,,False
107,Audio Narration,User-Facing,Chapter 93,93,Author / Reader,D7 Grounded Expression,Reasoning,,Select author's own recorded narration if it exists for requested content; else use generic non-cloned synthetic voice profile; never approximate a specific real voice absent that person's own recording.,Structural rule: The author's own recorded asset is selected where it exists; otherwise a generic profile with no correspondence to a specific person is used.,"=IF(TRUE()=TRUE(),""use_recorded"",""use_generic_synthetic"")",True
108,NFT Integration Layer,Admin,Chapter 94,94,Publisher,D13 Commerce & Entitlement Tokens,Platform,,"Mint a token representing an already-established license-scoped entitlement via a registered external minting service, transferred directly to the rights holder's own wallet; resolve every read against the entitlement record, which always governs on conflict.",Structural rule: A token is minted only after the entitlement exists; where token state and entitlement record diverge the entitlement record is authoritative.,,False
109,Complementary Learning Systems Formalization,Internal,Chapter 95,95,System,D13 Commerce & Entitlement Tokens,Platform,,"Name session-scoped records as the fast/episodic system and the permanent Fact Graph as the slow/consolidated system; consolidation requires explicit user election, never automatic replay.",Structural rule: The correspondence names existing mechanisms and creates none; session-scoped records and the permanent graph are unchanged by the naming.,,False
110,Forensic Analysis of External AI System Outputs,User-Facing,Chapter 96,96,Researcher,D12 External Integration & Analysis,Platform,D12.ch96,"Check a claim in an external AI's output against QueryBook's own Fact Graph; classify across 6 categories; self-referential language cataloged as observed text only, never a sentience determination.",Structural rule: Each claim of an external output is marked supported-with-citation or unsupported; no output asserts a determination about that system's internal state.,"=IF(TRUE()=TRUE(),""grounded"",""unverified"")",True
111,Hypothesis Generation,User-Facing,Chapter 97,97,Researcher / Domain Expert,"D5 Inference, Prediction & Calibration",Reasoning,D5.ch97,Generate a hypothesis via AIQG/AEM/Scenario Graph/§10.4 triggers with status=PROPOSED; only an identified human expert may transition status to VALIDATED; no automated path exists.,Structural rule: A hypothesis is created with status PROPOSED and transitions to VALIDATED only on confirmation by an identified human reviewer.,"=IF(""VALIDATED""=""VALIDATED"",""eligible_for_fact_graph"",""display_only"")",True
112,Cognitive Map Formalization,Internal,Chapter 98,98,System,D3 Ontology & Conceptual Structure,Knowledge,,Name the correspondence between §91.9's lattice indexing and the Attractor Network's Hopfield dynamics; extend deterministic lattice indexing to general Ontology Mesh concept proximity search.,"Same hex_coord principle as §91.9, applied to concept space, deterministic",,False
113,Study and Learning Tools,User-Facing,Chapter 99,99,Student / Reader,D14 Learning & Assessment,Experience,,"Assemble glossary entries, study guides, and staged Tutorial Mode sequences from already-grounded content; schedule flashcards via spaced-repetition interval; cluster concepts via Ontology Mesh structure.","Next spaced-repetition interval is the prior interval scaled by the ease factor where recall quality clears the floor, else reset to one day.","=IF(0.8>=0.6,6*2.5,1)",True
114,Content Verification and Argumentation Tools,User-Facing,Chapter 100,100,Reader / Researcher,D7 Grounded Expression,Reasoning,D7.ch100,"Check claims against grounded Fact Graph via CDRE contradiction logic; surface existing corroboration counts; assemble grounded position arguments via Scenario Graph, never fabricating unsupported content.",Structural rule: A surfaced contradiction cites the records establishing it; no conclusory characterization is generated that is not itself derivable from a record.,"=IF(TRUE()=TRUE(),""flag_with_citation"",""no_flag"")",True
115,Manifold-Based Trend Forecasting,User-Facing,§10.4,10,Analyst,"D5 Inference, Prediction & Calibration",Reasoning,D5.ch10,Embed ingested time-series data into a nonlinear manifold; generate a forecast with an explicit confidence interval; render in a labeled region separate from grounded output.,"forecast = f(manifold_embedding(time_series)), CI computed from embedding uncertainty",=1.96*0.8/SQRT(16),True
116,Geometric Shape Matching / Grid-Cell Indexing,Internal,§91.8–§91.9,91,System,D6 World Model & Perception,Knowledge,D6.ch91,"Compare candidate contours via the Registration Constraint Graph's three-pass solving using Geometry and Constraint Fact Units; index candidates on a fixed, non-learned hexagonal lattice for deterministic proximity search.","hex_coord = f(x,y), deterministic and fixed by construction",=(ABS(1-0)+ABS(0-1)+ABS(-1-(-1)))/2,True
117,Dual-Grounded Developmental World Model (The Box Principle),Internal,Chapter 59,59,System,D6 World Model & Perception,Knowledge,D6.ch59,"Build sensory-grounded and language-grounded concept streams independently; on co-occurrence of a spoken label and a visual object, confirm semantic consistency, then fuse via a binding edge; do not finalize a concept from one binding event — track repeated encounters via temporal consolidation before stabilizing.",A concept is finalized only after the consolidation count reaches the configured minimum; a single binding event is provisional.,"=IF(4>=3,""Concept consolidated"",""Provisional binding retained"")",True
118,External Sensory Hardware (Smell/Haptic),User-Facing,§92.7,92,Reader,D1 Ingestion & Sensory Intake,Knowledge,D1.ch92,"On explicit user action tied to a specific, authored sensory profile, trigger registered external scent/haptic hardware; never trigger from an inferred signal (e.g., detected emotion) under any configuration.",Structural rule: Output is triggered by an explicit user action tied to an authored profile; a system-inferred trigger is permanently excluded.,"=IF(AND(TRUE(),TRUE()),""eligible"",""blocked"")",True
119,Source Framing Signals,User-Facing,§100.6,100,Reader / Researcher,D7 Grounded Expression,Reasoning,D7.ch100,"Surface a source's own documented editorial position and quantifiable citation-composition facts (count, funding overlap) as cited facts; never generate a conclusory bias judgment not grounded in the Fact Graph.","Source composition is reported as a quantified, cited ratio; no conclusory judgment is generated.","=IF(3/12>0,""Report composition fact with citation"",""No composition fact available"")",True
120,VR-Specific Commerce Presentation,User-Facing,§88.13,88,Operator / Reader,D13 Commerce & Entitlement Tokens,Platform,D13.ch88,"Render matched commercial content in a spatially distinct VR region using the existing concept_id-triggered matching of §88.1; never use gaze, dwell-time, or spatial proximity as a selection signal.","Structural rule: Commercial content renders in a spatially distinct region; no gaze, dwell or attention signal is captured, derived or made available.",,False
121,Vehicle-Control AI Feed Monitoring,User-Facing,§96.8,96,Analyst / Human Reviewer,D12 External Integration & Analysis,Platform,D12.ch96,"Ingest vehicle-control AI telemetry as AnalyzedOutput; check each entry against grounded reference facts (safe-operating envelope, geofence); on confirmed anomaly, generate an expedited, non-blocking alert to a named human reviewer. No control interface exists.",Structural rule: Telemetry analysis is read-only; no control interface to any vehicle system exists or is created.,"=IF(TRUE()=TRUE(),""generate_alert"",""log_only"")",True
122,Biased Competition for Object Salience,Internal,§53.8,53,System,D6 World Model & Perception,Knowledge,D6.ch53,"Compute a SalienceWeight for each concurrently-detected Object Layer node from detection confidence and task relevance, normalized against co-present objects; never remove or exclude a node from the Fact Graph based on its weight.","SalienceWeight_i = f(confidence_i, relevance_i) / Σ f(confidence_j, relevance_j) for all j in scene","=IF(SUM(0.9,0.7,0.6)=0,""undefined"",0.9/SUM(0.9,0.7,0.6))",True
123,Boltzmann-Style Diverse Hypothesis Sampling,User-Facing,§97.7,97,Researcher,"D5 Inference, Prediction & Calibration",Reasoning,D5.ch97,"Where enabled, run the Attractor Network's energy landscape through a stochastic update rule to sample multiple candidate hypotheses per input; label each as stochastically-generated; every result remains PROPOSED status only, gated by Chapter 97's human validation.","p_i = 1 / (1 + e^(−βΔE_i)), β = 1/T",=1/(1+EXP(-1*0.4)),True
124,Developmental Parallel — Verified Correspondence,Internal,§59.9,59,System / Researcher,D6 World Model & Perception,Knowledge,D6.ch59,"Ground Chapter 59's Cross-Modal Binding and Temporal Concept Consolidation against real developmental psychology citations (Carey & Bartlett 1978; Yu & Smith 2007), stating explicitly where the correspondence is precise and where it is honestly incomplete.",Structural rule: The correspondence grounds existing mechanisms in cited developmental findings; it adds no mechanism and alters no binding rule.,,False
125,Ego-Motion Compensation for Non-Stationary Capture,Internal,§55.2.1,55,System,D1 Ingestion & Sensory Intake,Knowledge,D1.ch55,"Estimate camera ego-motion from the aggregate optical-flow field; subtract it from each region's raw motion vector before Stage 4 object/scene segmentation, improving detection accuracy under significant camera movement.",v_compensated = v_raw − v_ego_estimated,,False
126,Encyclopedia Content Ingestion,User-Facing,§59.10,59,Author / Publisher,D6 World Model & Perception,Knowledge,D6.ch59,"Extract discrete factual claims from encyclopedia text as Fact Units under the fact/expression dichotomy (Feist v. Rural, 1991); images remain subject to Chapter 60's standard rights-aware ingestion, never exempted.",Structural rule: A discrete factual claim is extracted while the source's protected expression is not reproduced; accompanying images pass separate rights validation.,,False
127,Intersensory Redundancy Weighting,Internal,§55.2.2,55,System,D1 Ingestion & Sensory Intake,Knowledge,D1.ch55,"Where a property is confirmed via temporally-synchronous signals across multiple concurrent modalities, elevate its Stage 3 confidence weighting relative to a single-modality-only property.",confidence_amodal > confidence_single_modality when synchrony confirmed,"=IF(0.78>0.62,""Cross-modal weighting applied"",""Single-modality confidence retained"")",True
128,Object Permanence — Precise Correspondence,Internal,§55.2.3,55,System,D1 Ingestion & Sensory Intake,Knowledge,D1.ch55,"Maintain a single Object Layer node's continuity when the object is fully occluded or temporarily unobservable within the same session, per Piaget's real definition; introduces no cross-session tracking.",Structural rule: A single object node retains continuity across full occlusion within a session; occlusion does not create a second node.,,False
129,Additional Disambiguation Heuristics for Cross-Modal Binding,Internal,§59.11,59,System,D6 World Model & Perception,Knowledge,D6.ch59,"Apply gaze-direction inference, whole-object bias, and mutual exclusivity as evidence-overridable preferences during Cross-Modal Binding's co-occurrence resolution, alongside — never replacing — existing semantic-consistency confirmation.",Structural rule: Each disambiguation heuristic is evidence-overridable; a heuristic never overrides a directly-observed binding.,,False
130,Live-Session Erasure,User-Facing,§36.7.1,36,Reader,"D8 Access, Rights & Retention",Experience,D8.ch36,"On user action, immediately clear the live Cognitive Context Window transcript, client- and server-side; log a Provenance Ledger entry recording that an erasure occurred without retaining the cleared content itself.",Structural rule: Clearing is immediate at client and server and produces no condensed retained form; the ledger entry records the erasure and none of its content.,"=IF(""clear_now""=""clear_now"",""transcript_cleared_immediately"",""no_action"")",True
131,"Retention Policy (Retain-by-Default, Erasure as Option)",Admin,"§36.7.3, §36.7.5",36,Reader / Operator,"D8 Access, Rights & Retention",Experience,D8.ch36,"Retain SAFU records automatically at session end by default; provide session/work/account-level erasure (§36.7) and live-session erasure (§36.7.1) as fully available, explicit user-initiated options at any time.","Structural rule: Retention is the default and erasure is an explicit user action at session, work and account scope; neither is silently applied.","=IF(""retained""=""retained"",""erasure_available_as_option"",""n/a"")",True
132,Verified Neuromorphic Correspondence Methodology,Internal,Chapter 101,101,System / Researcher,D11 Platform Governance & Evolution,Platform,,"For a candidate neuroscience correspondence: (1) verify against primary publication, (2) check for implicit existing correspondence, (3) extract only the deterministic principle, excluding trained components, (4) extend existing mechanism over new invention, (5) formalize under a named, cited section.","Structural rule: A correspondence is adopted only after external verification, an implicit-correspondence check, deterministic extraction, extension over invention and named formalization.",,False
133,Legal Exposure Minimization Through Structural Compliance,Admin,Chapter 102,102,Operator,"D8 Access, Rights & Retention",Experience,,"Reduce legal exposure via genuine regulatory compliance, structural non-custody (NFT, merchandise), rights discipline, protective audit trail, and consistent documented retention policy — never by reducing what is lawfully producible under a valid order.","Structural rule: Exposure is reduced through compliance, non-custody, rights discipline and consistent retention; never by reducing what is lawfully producible.",,False
134,Author Portal Book Upload,User-Facing,§61.1.1 / Ch. 60,61,Author,"D10 Authoring, Editions & Publication",Experience,D10.ch61,Receive an author-submitted work at the web portal bound to a verified author identity; validate rights status; queue the work for ingestion; return a receipt referencing the queued job. Ingestion does not begin until rights validation returns cleared.,Ingestion proceeds only where rights validation has returned a cleared status.,"=IF(TRUE(),""Queued for ingestion"",""Rejected - rights unvalidated"")",True
135,Probable Question Generation (PQG),Internal,Ch. 41.6.3 / Ch. 10,41,—,"D5 Inference, Prediction & Calibration",Reasoning,D5.ch41,"At ingestion, and before any query is received, traverse each committed Fact Unit together with its Ontology Mesh neighbours and generate candidate questions that those Fact Units answer; score each candidate by a coverage measure over the Fact Units it draws on; retain only candidates clearing the configured floor.",A candidate question is retained in the Question Index only where its coverage score clears the configured floor.,"=IF(0.71>=0.6,""Retained in Question Index"",""Discarded"")",True
136,Pre-Computed Answer Set,Internal,Ch. 41.6.3,41,—,"D5 Inference, Prediction & Calibration",Reasoning,D5.ch41,"For each retained question, assemble the grounded answer at ingestion time from exactly the Fact Units the question was derived from; store it as a Pre-Computed Answer Unit carrying a PRECOMPUTED_ANSWER provenance tag and the FUIDs relied upon, so a served answer is traceable to the same degree as a live one.",Pre-computed answer confidence is bounded by the least confident contributing Fact Unit.,"=MIN(0.88,0.79)",True
137,Question Index Reuse and Invalidation,Internal,Ch. 41.6.3 / §49.2,41,—,"D5 Inference, Prediction & Calibration",Reasoning,D5.ch41,"On query, match against the Question Index before live traversal; serve the stored answer where match similarity clears the threshold and no contributing Fact Unit has been revised since computation; otherwise fall through to live retrieval. Revision of any contributing Fact Unit marks dependent entries stale and excludes them from service until recomputed.",A stored answer is served only where match similarity clears threshold and every contributing Fact Unit is unrevised since computation.,"=IF(AND(0.83>=0.75,TRUE()),""Serve pre-computed answer"",""Recompute live"")",True
138,Author Supplemental Knowledge Layer,User-Facing,§82.1,82,Author,"D8 Access, Rights & Retention",Experience,D8.ch82,Accept author-supplied supplemental context at or after ingestion; convert it to Fact Units tagged AUTHOR_SUPPLEMENTAL with the author as attributed source; make those Fact Units available to every reader entitled to the work; regenerate the Question Index entries whose contributing Fact Units are affected.,Supplemental Fact Units carry author-attributed source reliability and trigger regeneration of every affected index entry.,"=IF(COUNTIF({""FU-101"",""FU-102""},""FU-101"")>0,""Regenerate affected entries"",""No regeneration required"")",True
139,Attractor Load Regime Governor,Internal,§7.6.3 / §7.6.4,7,—,D4 Retrieval & Response,Reasoning,D4.ch7,Compute the Attractor Load Ratio alpha = P/N before admitting a further stable configuration; admit only where the resulting alpha stays below the configured operating ceiling; refuse admission and trigger EWC consolidation where it would not. Operation above the conservative ceiling requires a recorded deployment election; operation at or past the Retrieval-Phase Boundary is structurally refused.,"Alpha = P/N must remain below the configured operating ceiling, itself strictly below the Retrieval-Phase Boundary alpha_c ~ 0.138 (AGS 1985, 1987).","=IF(1000/8192<0.05,""Admit - conservative regime"",""Consolidate before admitting"")",True
140,Sampling Criticality Control,Internal,§97.7.1,97,—,"D5 Inference, Prediction & Calibration",Reasoning,D5.ch97,"Expose the inverse-temperature parameter of the hypothesis-diversity sampler as an operator-set control with ordered, intermediate and disordered regimes; record the value in effect with the setting operator's identity so a hypothesis set is reproducible. No setting admits sampler output to the retrieval or generation path, and no process self-tunes the parameter.",Selection probability p = 1 / (1 + e^(-beta * deltaE)); beta sets distance from the indifference point.,=1/(1+EXP(-0.5*0.4)),True
141,Concept Attribute Inheritance,Internal,§54.6.1,54,—,D3 Ontology & Conceptual Structure,Knowledge,D3.ch54,"Where a concept is connected to a superordinate concept by an IS-A edge and that superordinate carries a HAS-PROPERTY attribute, assign the attribute to the subordinate at traversal time, tagged with its originating concept and IS-A depth; do not write it back as stored state, so a revision at the superordinate propagates on the next traversal.","Inherited attribute confidence is the product of the traversed IS-A edge confidences and the attribute's own confidence, bounded above by the least of them.","=MIN(0.97,0.99*0.95)",True
142,Exception Override Resolution,Internal,§54.6.2,54,—,D3 Ontology & Conceptual Structure,Knowledge,D3.ch54,"Where a subordinate concept asserts an attribute conflicting with one it would inherit, the direct assertion governs for that concept and its subordinates while the superordinate's attribute is unmodified and still inherited by siblings; conflicts inherited at differing depths resolve to the lesser depth; conflicts at equal depth are refused and recorded in the contradiction index.",The attribute asserted at the lesser IS-A depth governs; equal-depth conflicts are not resolved and both values are reported.,"=IF(3>1,""Subordinate assertion governs"",""Inherited value retained"")",True
143,Inverse Edge Traversal,Internal,§54.6.3 / Appendix A,54,—,D3 Ontology & Conceptual Structure,Knowledge,D3.ch54,"Traverse a typed edge in reverse by resolving the InversePredicate declared in the predicate schema at traversal time, storing no second edge; where no inverse is declared, refuse reverse traversal and report an absent inverse declaration rather than inferring a reverse reading.",Reverse traversal is available only where an InversePredicate is declared; stored edge count equals asserted relation count.,"=IF(COUNTIF({""parentOf"",""childOf""},""childOf"")>0,""Reverse traversal available"",""Refused - no inverse declared"")",True
144,Wording-Operative Span Preservation,Internal,§16.7,16,—,D7 Grounded Expression,Reasoning,D7.ch16,"Where a Fact Unit is typed QUOTATION or carries a wording-operative marking, reproduce the source span in its source language and wording rather than regenerating it, accompanied in a target language by a regenerated gloss marked non-operative; exempt only the reproduced span from Stage 6 groundedness rewriting; withhold reproduction where Chapter 60 rights validation does not permit it and deliver the gloss alone.","A wording-operative span is reproduced, never regenerated; the accompanying gloss carries a non-operative marking.","=IF(COUNTIF({""QUOTATION"",""CLAIM"",""INSTRUCTION""},""QUOTATION"")>0,""Reproduce verbatim + non-operative gloss"",""Regenerate normally"")",True
145,Idiom Detection and Equivalence Mapping,Internal,§16.8,16,—,D7 Grounded Expression,Reasoning,D7.ch16,"Detect at ingestion a span whose compositional reading diverges from its attested reading beyond a configured threshold; record the attested meaning with an idiom-derived marking and the source span; realize it in a target language using a registered equivalent for the same attested meaning, and where none is registered render the meaning literally with an explicit note rather than selecting an equivalent by surface similarity.",An idiom mapping applies only where divergence clears the configured threshold and a target-language equivalent is registered.,"=IF(AND(0.82>=0.6,COUNTIF({""es:tomar-el-pelo""},""es:tomar-el-pelo"")>0),""Apply registered equivalent"",""Render literal meaning with note"")",True
146,Linguistic Resource Registry,Internal,§4.9.1–§4.9.2,4,—,D1 Ingestion & Sensory Intake,Knowledge,D1.ch4,"Register every externally-sourced linguistic resource with identifier, version, licensor, licence instrument, permitted-use scope, redistribution permission, attribution requirement and ingestion mode before any extraction or realization stage consults it; refuse registration where the licence does not cover the declared use; propagate derivative conditions to artifacts derived from the resource, marking an artifact non-redistributable where two registered resources impose conflicting conditions.",A resource is consulted only where its registered permitted-use scope encompasses the operator's declared use.,"=IF(COUNTIF({""commercial-permitted"",""derived-only"",""refused""},""commercial-permitted"")>0,""Register for full ingestion"",""Restrict or refuse"")",True
147,Derived-Artifact-Only Extraction,Internal,§4.9.3,4,—,D1 Ingestion & Sensory Intake,Knowledge,D1.ch4,"For a resource registered in derived-artifact-only mode, compute and retain aggregate quantities (frequency, collocation strength, part-of-speech distribution, morphological paradigm) while retaining no span of the resource's text in any Fact Unit, index or cache and reproducing none in output; verify by confirming the retained-span count is zero, enforcing the Feist fact/expression boundary already applied at §59.10.",Retained source spans attributable to a derived-artifact-only resource must equal zero.,"=IF(0=0,""Compliant - statistics retained, no source span"",""Refused - source span retained"")",True
148,External System Behavioural Probing,Internal,§96.9,96,—,D12 External Integration & Analysis,Platform,D12.ch96,"Submit controlled inputs to a registered external system and measure behaviour rather than content: repeat an identical input and score the proportion of outputs sharing a semantic fingerprint; reinject an output as input to a ceiling and classify the fingerprint sequence as converged, periodic, drifting or unresolved; perturb an input without changing its fingerprint and score output invariance. Every result carries QueryBook's own measured value on the identical probe or is incomplete.",A probe result is reportable only where a reference value measured on the identical probe is present.,"=IF(AND(8/10>=0.5,1=1),""Consistency measured against reference"",""Incomplete - reference value absent"")",True
149,Analysis Quarantine,Internal,§96.10,96,—,D12 External Integration & Analysis,Platform,D12.ch96,"Exclude AnalyzedOutput and ProbeResult Fact Units, and anything derived from them, from the scope description the Slice Resolver constructs for any query not directed at the analysis itself, so they are not traversable rather than filtered afterwards; exclude them equally from the question index and the Conceptual Memory Layer.","An analysis record is structurally ineligible as a grounding source; exclusion occurs at slice construction, not after traversal.","=IF(COUNTIF({""AnalyzedOutput"",""ProbeResult""},""ProbeResult"")>0,""Excluded from grounding slice"",""Eligible as grounding"")",True
150,Attestation Horizon Constraint,Internal,§103.3,103,—,"D5 Inference, Prediction & Calibration",Reasoning,D5.ch103,Admit a Fact Unit to a pre-event snapshot only where its T_attested (the source's documented creation date) precedes the event time less the horizon; do not consult TemporalAnchor for this test; exclude any record whose T_attested cannot be established from documented source metadata; enforce at Slice Resolver scope construction so an inadmissible record is not traversable rather than filtered afterwards.,"Admissible iff T_attested < T_event - horizon; contested dates resolve to the latest candidate, so uncertainty resolves toward exclusion.","=IF(DATE(1998,3,1)<DATE(2001,9,11)-90,""Admissible to pre-event snapshot"",""Excluded - attested after cutoff"")",True
151,Retrospective Forecast Scoring,Internal,§103.5,103,—,"D5 Inference, Prediction & Calibration",Reasoning,D5.ch103,"Run Chapter 10 and §10.4 forecasting against the constrained pre-event snapshot alone within a Scenario Graph branch; record predicted outcome, assigned probability, predicted interval and every admitted FUID; on comparison with the recorded outcome, construct a PredictionError Fact Unit and derive accuracy by horizon and calibration by confidence band.",Mean squared error between assigned probability and realised binary outcome across the scored corpus.,=((0.7-1)^2+(0.4-0)^2)/2,True
152,Calibration Subject Class Gate,Internal,§103.6,103,—,"D5 Inference, Prediction & Calibration",Reasoning,D5.ch103,"Admit only an institution, organisational process, system or aggregate group as the subject of a calibration event record; refuse construction of a PredictionError Fact Unit whose subject resolves to an individual natural person, at construction rather than by access restriction; report a demographic correlation as a property of the institutional process, cited, never restated as a property of individuals.",Construction is refused where the resolved subject class is an individual natural person.,"=IF(COUNTIF({""institution"",""system"",""group""},""individual"")>0,""Refused - individual subject"",""Admissible - institutional subject"")",True
153,Event Type Catalogue,Internal,§104.2,104,—,D3 Ontology & Conceptual Structure,Knowledge,D3.ch104,"Register each event category with an immutable id, version, poly-hierarchical Ontology Mesh placement, a semantic definition stating both coverage and exclusions, and a MachineDefinition naming required, optional and forbidden fields; require an EVENT_DESCRIPTION Fact Unit to reference a registered id rather than a free-text category; refuse construction where the MachineDefinition is unsatisfied; permit a later version to narrow a required-field set but never widen it.",A record is admitted only where every field required by its event type's MachineDefinition is present.,"=IF(COUNTIF({""StartTime"",""EventTypeId"",""ActorRef""},""EventTypeId"")>0,""Admit - required field present"",""Refused - MachineDefinition unsatisfied"")",True
154,Environment Vector Normalization,Internal,§104.3,104,—,D3 Ontology & Conceptual Structure,Knowledge,D3.ch104,"Store a world-state snapshot once as a content-addressed record carrying its own TemporalAnchor, typed Ontology-Mesh-resolved condition keys, confidence, provenance and T_attested; reference it from Fact Units through a reserved AnnotationSet key so no schema field is added; converge identical condition sets on one vector with two provenance branches; correct by supersession so every referencing record resolves to the corrected state on next traversal.","Identical canonicalized condition sets yield an identical content hash and therefore one vector, not two.","=IF(COUNTIF({""a1f3c7"",""b2c9e1""},""a1f3c7"")>0,""Reference existing vector"",""Create new vector"")",True
155,Causal Edge Temporal Validation,Internal,§104.4,104,—,D3 Ontology & Conceptual Structure,Knowledge,D3.ch104,"Admit a CAUSES edge only where the source TemporalAnchor does not begin after the target's begins; refuse otherwise and record the attempted assertion in the Chapter 17 contradiction index; permit concurrent and overlapping causation; never promote TEMPORAL_FOLLOWS to CAUSES automatically; express chains as Bundle membership with chain length, root and outcome computed at query time rather than stored.","CAUSES admitted iff T_start(source) <= T_start(target); duration is derived at query time, never stored.","=IF(DATE(2020,3,1)<=DATE(2020,3,15),""CAUSES edge admitted"",""Refused - effect precedes cause"")",True
156,Bayesian ConfidenceScore Posterior Update,Internal,§41.6.2.1–.2,41,—,"D5 Inference, Prediction & Calibration",Reasoning,D5.ch41,"Hold ConfidenceScore as Beta parameters alpha (supporting evidence) and beta (contradicting evidence) rather than a scalar; report CS as alpha/(alpha+beta); update in closed form by adding the observing source's reliability weight to whichever parameter the evidence supports, so revision magnitude falls as accumulated evidence grows without any rule conditioned on it; decay shrinks both parameters toward the prior, widening the credible interval while preserving the mean.","CS = alpha/(alpha+beta); posterior by conjugate addition alpha' = alpha + w*s, beta' = beta + w*f; order-independent.",=18/(18+2+1),True
157,Prior-Strength Resistance Check,Internal,§41.6.2.3,41,—,"D5 Inference, Prediction & Calibration",Reasoning,D5.ch41,"Initialise Beta parameters for a concept node from ConceptStabilityWeight, which sets the pseudo-count n0 = alpha+beta while the current confidence sets the ratio; a high-CSW node therefore requires multi-source contradicting evidence to revise, which is the behaviour §41.4.5 asserts and the additive rule does not produce.",Revision from a single contradiction against a strong prior must fall below the increment the additive rule would have applied.,"=IF(0.9-18/(18+2+1)<0.05,""Strong prior resists single contradiction"",""Revision exceeds tolerance"")",True
158,Precision-Weighted Error Propagation,Internal,§41.6.4.2,41,—,"D5 Inference, Prediction & Calibration",Reasoning,D5.ch41,"Compute an error signal's precision as inverse variance from the Beta parameters already held under §41.6.2; propagate a contradiction upward to World Brain concept attributes by a gain equal to the error's share of total precision, so a poorly-supported observation barely revises a settled concept while a well-established one substantially revises a weakly-held concept; replaces the ConfidenceScore-differential magnitude of §41.5.1.","gain = var_prior / (var_prior + var_error), equivalently pi_error / (pi_error + pi_prior); var = CS(1-CS)/(alpha+beta+1).",=((180/200)*(20/200)/201)/(((180/200)*(20/200)/201)+((1/2)*(1/2)/3)),True
159,Low-Precision Error Suppression,Internal,§41.6.4.3,41,—,"D5 Inference, Prediction & Calibration",Reasoning,D5.ch41,Withhold model revision entirely where the computed gain falls below a configured floor rather than applying an arbitrarily small revision; record each withheld contradiction in the Chapter 17 contradiction index so a pattern of individually-insignificant errors against one attribute stays queryable.,"Revision is withheld where gain < configured floor; withheld contradictions are retained, not discarded.","=IF(((180/200)*(20/200)/201)/(((180/200)*(20/200)/201)+((1/2)*(1/2)/3))<0.05,""Low-precision error suppressed"",""Model revision applied"")",True
160,Physical Constraint Enforcement,Internal,§53.9.2,53,—,D6 World Model & Perception,Knowledge,D6.ch53,"Evaluate every registered physical constraint whose applicability predicate a candidate scene completion satisfies; refuse the completion where the residual exceeds tolerance and regenerate with the implicated field left unspecified, so a completion with an acknowledged gap is returned in preference to a physically impossible one; constraints are evaluated before plausibility scoring and a refused completion never appears in the ranked output at any score.","Admissible iff |residual| <= tolerance, tolerance taken relative to the magnitude of the conserved quantity.","=IF(ABS((2*1+1*4)-(2*3+1*0))<=0.02*(2*3+1*0),""Completion admitted"",""Refused - conservation residual exceeds tolerance"")",True
161,Constraint Residual Computation,Internal,§53.9.2,53,—,D6 World Model & Perception,Knowledge,D6.ch53,"Compute the expected value of a constrained quantity from the registered closed-form residual expression in SI base units and compare against the completion's asserted value; record the refusal with constraint id, residual, tolerance and implicated field so a wrongly-parameterised constraint is detectable by its refusal rate rather than quietly suppressing correct inference.",Expected position under gravitational constraint h1 = h0 - 0.5*g*t^2 with g = 9.80665 m/s^2; residual is the asserted value less h1.,=2-0.5*9.80665*0.4^2,True
162,Public API Layer,Admin,§105.1,105,Operator,D12 External Integration & Analysis,Platform,D12.ch105,"Expose seven programmatic interfaces (content, query, rights, layout, assessment, edition, semantic); each resolves a scope description before traversal, no parameter widens it, an out-of-scope record yields the response for a non-existent record, and the layer carries its own Chapter 8 safety gate as an operation layer; calls are metered per calling identity and a call over budget is refused rather than served at reduced priority.","A call is served only where the calling identity's metered budget is not exceeded; refusal is by budget, never by throttling.","=IF(120<=150,""Within slice budget; served"",""Refused - slice budget exceeded"")",True
163,Plugin Architecture,Admin,§105.2,105,Operator,D12 External Integration & Analysis,Platform,D12.ch105,"Register a third-party component against a declared capability set on the Source Connector Registry contract; the plugin reaches knowledge only through §105.1 interfaces within the executing identity's scope, holds no direct Fact Graph or Ledger access, is refused at registration if it declares any safety operation, cannot participate in the improvement pipeline, and its output is labelled, quarantined and not citable as grounding; activation and suspension require a named human operator.",Registration is refused where the declared capability set includes any safety-evaluation operation.,"=IF(COUNTIF({""read-output"",""declare-capability""},""write-factgraph"")>0,""Activate plugin"",""Refused - capability not declared"")",True
164,Interface Versioning,Admin,§105.3,105,Operator,D12 External Integration & Analysis,Platform,D12.ch105,"Version every interface; refuse a request omitting a version rather than defaulting it; deprecate for a configured support interval with a deprecation indication, then retire naming the successor; a field may be added or deprecated within a version, while removal or a change of type or meaning requires a new version; a citation issued under an earlier version remains valid.",A request is served only where the requested version is registered and not retired.,"=IF(AND(2>=1,2<=3),""Served under requested version"",""Refused - version retired"")",True
165,Collaborative Reading,User-Facing,§105.4,105,Reader,D9 Interaction Surfaces,Experience,D9.ch105,"Establish a session shared by several readers over one work; present a shared view comprising the intersection of participants' scope descriptions, never the union; a record traversable by one participant and not another is absent and its absence is not reported; annotations keep their own ACLs; queries resolve against the intersection so no participant receives a citation another cannot open.","Shared view size is the intersection of participant scopes, not the union.","=MIN(340,275)",True
166,AR Overlay Presentation,User-Facing,§105.5,105,Reader,D9 Interaction Surfaces,Experience,D9.ch105,"Anchor displayed Fact Units with citations to physical objects in a live camera feed as a presentation surface only, under the unchanged vocabulary constraint; exclude person and animal classifications entirely at any confidence; capture and derive no gaze, dwell, head-pose or attention signal and expose none to commerce or plugins; display no overlay where object identification does not clear its threshold.","A person- or animal-classified result is never anchored, at any confidence and in any configuration.","=IF(COUNTIF({""object"",""person"",""animal""},""person"")>0,""Excluded from overlay"",""Anchor overlay to object"")",True
167,Voice Navigation,User-Facing,§105.6,105,Reader,D9 Interaction Surfaces,Experience,D9.ch105,"Accept spoken command and query input under explicit session-scoped revocable consent, distinct from prosodic analysis; route the transcription through the Language Command Router separating query from operational intent; request clarification below the confidence threshold rather than selecting an interpretation; discard audio after transcription; derive no voiceprint or biometric identifier; require second-modality confirmation for any state-changing instruction.",Intent is applied only where classification clears the configured confidence threshold under active consent.,"=IF(AND(1=1,0.82>=0.7),""Routed as operational intent"",""Clarification requested"")",True
168,Spoiler Protection,User-Facing,§105.7,105,Reader,D9 Interaction Surfaces,Experience,D9.ch105,"Record a reader progress marker and a narrative position for each Fact Unit of the work; bound the reader's scope description by the marker so a later-disclosed record is not traversable rather than masked in a rendered answer; state that an answer lies beyond the current position without disclosing its content; reader election with an author-configurable default, never applied to an instructor, researcher or author over their own work.",A Fact Unit is traversable only where its narrative position does not exceed the reader's progress marker.,"=IF(14<=22,""Within reader position; shown"",""Masked - beyond reader position"")",True
169,Learner Progress Tracking,User-Facing,§105.8,105,Student / Instructor,D14 Learning & Assessment,Experience,D14.ch105,"Record position reached, items attempted, responses submitted and outcomes scored against the Fact Units the items were generated from; compute mastery as the proportion of objective-attributable items answered correctly against a threshold; bound instructor visibility by a time-scoped class grant so expiry removes it without further action; generate no aptitude inference, forecast or comparative ranking, and admit no progress record as a calibration subject.","Mastery = correct items attributable to the objective / items attempted, against the configured threshold.","=IF(17/20>=0.8,""Objective met"",""Continue practice"")",True
170,LMS Integration,Admin,§105.9,105,Operator / Instructor,D12 External Integration & Analysis,Platform,D12.ch105,"Connect a learning management system through the Source Connector Registry under a declared capability set; refuse an undeclared operation at the boundary rather than attempting it; a roster read establishes instructor grant scope and confers no entitlement; a grade write transmits the outcome alone with no Fact Unit, response text or history; record every transmission with connector identity, capability exercised and fields sent.",An operation proceeds only where its capability is declared in the registered connector contract.,"=IF(COUNTIF({""roster-read"",""grade-write""},""grade-write"")>0,""Grade passback permitted"",""Refused - capability undeclared"")",True
171,Multi-Edition Print Layout,Admin,§105.10,105,Publisher,"D10 Authoring, Editions & Publication",Experience,,"Compose a work into paginated print-ready form per edition from common Fact Units through regeneration, so an edition is a rendering rather than a copy; perform rights validation for territory, quantity and interval before composition and carry a reference to it in the composed form; reproduce wording-operative spans verbatim with non-operative glosses marked; compose accessible equivalents at the same production stage; keep pagination deterministic so page references stay valid.","Composition proceeds only where rights validation permits print reproduction in the requested territory, quantity and interval.","=IF(AND(1=1,3<=3),""Print export authorized"",""Refused - rights or edition count"")",True
172,Certification,User-Facing,§105.11,105,Instructor / Student,D14 Learning & Assessment,Experience,D14.ch105,"Issue a credential on both a measured outcome meeting the configured threshold and an identity established to the issuer's standard; carry as provenance the objectives assessed, items presented, source Fact Units, thresholds applied and issuing identity; permit third-party verification of issuance and non-revocation without disclosing the holder's responses; attest to the measured outcome and nothing further; record revocation rather than deleting.",Issuance requires threshold satisfaction AND identity establishment; neither alone suffices.,"=IF(AND(0.85>=0.8,1=1),""Credential issued"",""Withheld - threshold or identity unmet"")",True
173,Rights and Licensing Portal,Admin,§105.12,105,Operator / Publisher,"D8 Access, Rights & Retention",Experience,,"Expose the licence and entitlement mechanism through a portal under the existing role model and time-scoped grants; the portal renders capability and confers none; rights holders view licences, outstanding entitlements and the audit record, operators administer seats and assignment within role scope, grantees hold a read-only view of grants over them; record every action with acting identity and stated reason; a revocation takes effect at the next query execution.",A portal action is available only where the acting role already holds that capability elsewhere.,"=IF(COUNTIF({""view"",""revoke""},""grant"")>0,""Action available to role"",""Read-only view"")",True
174,Hyperedge Attention,Internal,§53.7.1,53,—,D6 World Model & Perception,Knowledge,D6.ch53,"Where a reasoning operation traverses a hyperedge linking several Fact Units, weight each constituent's contribution by its own ConfidenceScore and its degree of corroboration with the hyperedge's other constituents, rather than contributing equally regardless of reliability. Under §41.6.2 those two quantities are the Beta posterior mean and the accumulated evidence count, so the weight is the product of the two parameters the confidence representation already holds. A weighting refinement over the World Model Domain's existing hypergraph traversal, not a new traversal mechanism.","Constituent weight = CS_i * (alpha_i + beta_i), normalized across the hyperedge's constituents.",=0.92*20/(0.92*20+0.85*6+0.78*3),True
175,Attractor-Based Hyperedge Completion,Internal,§53.7.2,53,—,D6 World Model & Perception,Knowledge,D6.ch53,"Complete a partially-observed hyperedge — a geometric contour with observed points and gaps — by applying the Attractor Network's existing convergence dynamics (§7.2.4) to the constituent set as a whole, converging toward the most consistent complete configuration given the observed constituents and their §53.7.1 attention weights. Distinct from WorldModel.Infer, which completes a general scene by Schema, Physics, Affordance and Relation rules: this is geometric, hyperedge-granular and convergence-based. It introduces no dynamical system of its own; it is Claim 6's mechanism applied at hyperedge granularity.",Completion is admitted only where attention-weighted support for the converged configuration clears the configured floor.,"=IF(0.712>=0.6,""Hyperedge completed"",""Insufficient support - gap reported"")",True
176,Domain Transfer Matrix,Internal,§106.4,106,—,D0 Prime Directive,Governance (vertical),D0.ch106,"Assign every ordered pair of domains a permission of ALLOW, DENY or TRANSFORM-REQUIRED; evaluate it at each boundary crossing; treat a pair with no entry as DENY; record every crossing in the Provenance Ledger with source domain, target domain and permission applied. The denials carry the accuracy guarantees: D12 to D4 denied so analysis never grounds an answer, D13 to D4 and D7 denied so commerce never influences retrieval or generation, D9 to D2 denied so no surface bypasses the slice, D11 to D0 denied so governance cannot amend the Prime Directive.",A crossing proceeds only where the matrix entry is ALLOW or a satisfied TRANSFORM-REQUIRED; an absent entry is DENY.,"=IF(COUNTIF({""ALLOW"",""TRANSFORM-REQUIRED""},""DENY"")>0,""Transfer permitted"",""Refused - DENY edge in matrix"")",True
177,Query/Ingestion Path Separation,Internal,§106.3,106,—,D0 Prime Directive,Governance (vertical),D0.ch106,"Partition domains so the latency-critical query path (D8, D4, optionally D5, D7) and the batch ingestion path (D1, D2, D3, D6, D5) intersect only at D0 and D2; resolve contention at D0 by safety-category priority and at D2 by storage tiering; keep extraction out of the retrieval domain so a retrieval never blocks on an extractor and an extraction never blocks on attractor convergence.",Intersection of the query-path and ingestion-path domain sets must not exceed two (governance and substrate).,"=IF(2<=2,""Path separation holds"",""Contention risk - shared domain on both paths"")",True
178,Domain Slice Priority Ordering,Internal,§106.5,106,—,D0 Prime Directive,Governance (vertical),D0.ch106,"Meter each domain's operations as bounded compute-accounting units carrying that domain's identifier and fix scheduling priority by domain: D0 highest without exception, D13 lowest so contention omits the commercial region rather than delaying the answer, and latency-path domains ahead of batch-path domains; contain each domain's failure to its own capability, with a D0 failure halting the operation rather than allowing it to proceed unevaluated.",Governance domain priority must strictly precede commerce domain priority in the scheduling order.,"=IF(0<13,""Safety slice served ahead of commerce slice"",""Priority inversion"")",True
179,Undiscriminated Hypothesis Detection,Internal,§97.8.1,97,—,"D5 Inference, Prediction & Calibration",Reasoning,D5.ch97,Detect continuously where two hypotheses concerning a common subject have posteriors within the configured separation floor while each exceeds a minimum support count; mark the pair undiscriminated and invoke §97.8.2. A pair in which one hypothesis is weakly supported is under-evidenced rather than undiscriminated and is routed to the existing evidence-seeking mechanism instead.,Undiscriminated where |P(H1) - P(H2)| < separation floor and both accumulated evidence counts exceed the minimum.,"=IF(ABS(12/16-11/16)<0.15,""Undiscriminated - generate crucial instance"",""Separated; no instance required"")",True
180,Discriminating Instance Selection,Internal,§97.8.2,97,—,"D5 Inference, Prediction & Calibration",Reasoning,D5.ch97,"For each obtainable candidate observation compute the magnitude of the difference between its likelihood under each hypothesis, and select the maximum; select irrespective of how probable either hypothesis considers the observation, so an observation both predict equally is never selected; withhold generation where no candidate clears the discrimination floor; emit a structured request stating both hypotheses' posteriors under presence and under absence, so the outcome is interpretable before the observation is obtained.",discrimination(E) = |P(E|H1) - P(E|H2)|; the selected instance maximises it and must clear the discrimination floor.,"=MAX(ABS(0.9-0.85),ABS(0.88-0.2),ABS(0.55-0.5))",True
181,Hybrid and Edge Deployment Topology,Admin,§107.1,107,Operator,D11 Platform Governance & Evolution,Platform,D11.ch107,"Add hybrid topology (substrate and access domains in customer infrastructure, media and immersive assets in operator infrastructure, scope resolved customer-side and travelling with the request) and edge topology (frequency-selected cache near a reader concentration, holding no authority, answering only where the requester's scope admits every cached record consulted and escalating otherwise, performing no ingestion and constructing no scope); the Chapter 106 domain partition is invariant across all five topologies.",An edge node serves from cache only where scope admits every cached record consulted and currency is verified; otherwise it escalates.,"=IF(AND(1=1,45<=80),""Edge node serves from local cache"",""Escalate to origin mesh"")",True
182,Media and Immersion Interfaces,Admin,§107.3,107,Operator,D9 Interaction Surfaces,Experience,,"Extend the §105.1 interface set with a media interface returning deterministic transformations (semantic compression, expansion, colorization, resolution enhancement) carrying the provenance of the transformation, and an immersion interface returning scene descriptions assembled from spatially-detailed records; both resolve a scope before traversal, widen none, carry their own safety gate, capture no gaze or attention signal, and withhold rather than fabricate where detail is insufficient.",An interface call is served only where the requested interface is a registered member of the interface set.,"=IF(COUNTIF({""content"",""query"",""rights"",""layout"",""assessment"",""edition"",""semantic"",""media"",""immersion""},""media"")>0,""Interface registered"",""Refused - unknown interface"")",True
183,Domain Module Replacement,Admin,§107.2,107,Operator,D11 Platform Governance & Evolution,Platform,D11.ch107,"Permit a domain's implementation to be exchanged where the replacement implements every interface the replaced domain exposed at each version still within its support interval, satisfies every transfer-matrix entry in which that domain appeared as source or target, and is admitted through the improvement-proposal mechanism with a named human approval; Domain 0 is a member of the permanently-excluded set and is not replaceable.",Replacement admitted only where interface-version conformance and transfer-matrix conformance both hold.,"=IF(AND(2>=2,3<=3),""Module replacement admitted"",""Refused - interface contract unmet"")",True
184,Parallel Multilingual Presentation,User-Facing,§107.4,107,Reader,D7 Grounded Expression,Reasoning,,"Present two or more language realizations of a work simultaneously, aligned by knowledge record rather than by page or sentence position, each generated from the same records so alignment is a property of shared provenance and cannot drift; a citation in either realization resolves to the same record; a record without a realization in one language shows as a gap rather than being filled from the other; wording-operative spans stay in source language in every realization with glosses rendered per target language.",Alignment confidence is bounded by the least confident of the aligned realizations.,"=MIN(0.94,0.91)",True
185,Tenant-Scoped Key Custody,Admin,§107.5,107,Operator,"D8 Access, Rights & Retention",Experience,D8.ch107,"Scope each encryption key to a tenant or deployment so a key of one tenant decrypts no content of another; hold key material within a hardware or equivalent custody boundary where configured, so the system holds a handle and every use is a call across the boundary rather than a read of key material; the zero-knowledge reader-history election and the no-operator-key message channel classification are unchanged and are not weakened by the presence of a hardware module.",A decryption proceeds only where a key scoped to the requesting tenant resolves.,"=IF(COUNTIF({""tenant-A"",""tenant-B""},""tenant-A"")>0,""Key resolved for tenant"",""Refused - no tenant key"")",True
186,Signed Provenance Ledger Verification,Admin,§107.5,107,Operator,"D8 Access, Rights & Retention",Experience,D8.ch107,"Sign each provenance chain node under a deployment key in addition to its keyed checksum, so a third party holding the verification key can confirm that a recorded operation and its recorded safety evaluation are as written, without access to the producing system; verification establishes fidelity of the record and nothing about the correctness of the operation recorded.",A ledger entry is admitted to a verification report only where its signature verifies against the deployment key.,"=IF(0.88>=0.8,""Signature verified; entry admitted"",""Refused - ledger signature mismatch"")",True
187,Reasoning Mode Classification,Internal,§108.1,108,—,"D5 Inference, Prediction & Calibration",Reasoning,D5.ch108,"Classify every inference as entailed (a conclusion following necessarily from admitted records) or conjectural; admit an entailed conclusion as a knowledge record with a derived-inference type and a confidence equal to the product of the contributing edge confidences; withhold a conjectural conclusion from admission and emit it with status PROPOSED, with no automated process configured to transition it to VALIDATED. Deduction may write to the knowledge store; induction and abduction may not.",An inference is admitted as a record only where it is entailed; a conjectural inference is emitted PROPOSED and creates nothing.,"=IF(COUNTIF({""entailed"",""conjectural""},""conjectural"")>0,""Refused - emit as PROPOSED"",""Admit as fact"")",True
188,Inductive Support Threshold,Internal,§108.3,108,—,"D5 Inference, Prediction & Calibration",Reasoning,D5.ch108,"Operate the evidence-integration layer: accumulate corroborating and contradicting evidence as posterior parameters, weight corroboration by source independence, elevate confidence for cross-modal agreement within a temporal window, hold a concept provisional until the consolidation count is met, and retain every contradiction too weak to revise the model so a pattern of individually-insignificant negatives stays queryable. A generalization is emitted only where subordinate support and evidential strength both clear their floors.",A generalization is proposed only where the subordinate count clears the minimum and the supporting evidence exceeds the contradicting evidence.,"=IF(AND(4>=3,0.78>0.62),""Inductive support sufficient; hypothesis proposed"",""Insufficient - no proposal"")",True
189,Observation Diversity Measure,Internal,§41.6.5.2,41,—,"D5 Inference, Prediction & Calibration",Reasoning,D5.ch41,Attribute every increment of the confidence parameters to a registered source class and compute the effective number of contributing classes as the reciprocal of the summed squared weight proportions; admit a corroboration from an already-dominant class at reduced weight; require a diversity floor as well as a count floor before proposing a generalization; attenuate precision-weighted revision where a contradiction's diversity approaches unity; and disclose concentration in an output relying on a record below the diversity threshold.,D = 1 / sum_i (w_i / sum_j w_j)^2 over registered source classes; D=1 where all weight is in one class.,=1/((8/20)^2+(4/20)^2+(4/20)^2+(2/20)^2+(2/20)^2),True
190,Context Modulation,Internal,§109.2,109,—,D9 Interaction Surfaces,Experience,D9.ch109,"Modulate an already-admissible result for device class, network condition, session type and referenced environment record: select among entitled editions, offer an available media transformation, adapt layout, and supply a temporal or edition scoping hint. Where a context signal would select an unentitled edition, fall back to an entitled one and disclose the fallback. Rights enforcement is not an output of this layer; the Slice Resolver and rights validation decide availability before any modulation runs.",A modulation is applied only where it leaves the admissible record set unchanged; otherwise it is refused.,"=IF(AND(1=1,0=0),""Modulation applied within admissible set"",""Refused - would alter admissible set"")",True
191,Perspective Modulation,Internal,§109.3,109,—,D9 Interaction Surfaces,Experience,D9.ch109,"Modulate framing by the role a requester elects for the session — reader, author, instructor, student, researcher, publisher, operator — selecting which relationships among admitted records surface first and how explanations are framed; a student sees learning pathways, an author revision pathways, a publisher rights pathways over identical records. Electing a perspective confers no capability: it frames the records the requester's own entitlement already admits.","A perspective lens is applied where the elected role is registered; it alters ordering and framing, never the admitted set.","=IF(COUNTIF({""reader"",""instructor"",""operator""},""instructor"")>0,""Role lens applied"",""Default lens"")",True
192,Ergonomic Modulation,Internal,§109.4,109,—,D9 Interaction Surfaces,Experience,D9.ch109,"Modulate density, layout, legibility and emphasis from reading pace, interaction pattern, display and input characteristics, accessibility settings and the §50.4 ergonomic preference signals. A stated preference always takes precedence over an inferred signal. Compression selects among admissible records and shortens their expression without summarising beyond what they support. An inferred cognitive-load signal modulates presentation only, produces no record, and reaches no other layer, commerce or interface.",Stated preference governs wherever a stated and an inferred signal bear on the same dimension.,"=IF(COUNTIF({""stated"",""inferred""},""stated"")>0,""Stated preference governs"",""Inferred signal applied"")",True
193,Cultural Modulation,Internal,§109.5,109,—,D9 Interaction Surfaces,Experience,D9.ch109,"Modulate for locale, regional convention, idiom and localized examples, selecting among admissible expressions and entitled territory-specific editions. The cultural profile is declared by the requester, by an operator, or by an explicitly selected locale — never inferred from a name, network address, query language, device locale or behaviour. Where no equivalent is registered for a locale, render plainly rather than substituting an unregistered equivalent.",A cultural modulation applies only from a declared profile; an inferred profile is refused.,"=IF(COUNTIF({""declared"",""inferred""},""inferred"")>0,""Refused - cultural profile must be declared"",""Declared profile applied"")",True
194,Social Modulation,Internal,§109.6,109,—,D9 Interaction Surfaces,Experience,D9.ch109,"Modulate pacing, shared position, shared annotation surfaces, register and formality for class, group-reading, collaborative-authoring and instructor-guided settings, operating strictly within the intersection of participants' scope descriptions so no participant is shown a record another's entitlement excludes and no absence is disclosed. A social annotation keeps its author's identity and its own ACL, which this layer does not widen; a group setting confers no entitlement.","Social modulation operates within the intersection of participant scopes, never their union.","=MIN(340,275)",True
195,Interpretive Composition Order,Internal,§109.7,109,—,D0 Prime Directive,Governance (vertical),,"Compose the five modulations in fixed order over an already-admissible result — perspective, cultural, social, ergonomic, context — with Prime Directive review preceding and following the whole composition and overriding every layer. Composition is deterministic: identical result plus identical configuration yields identical modulated output. A stated preference overrides an inferred signal at any stage, and where two layers modulate one dimension incompatibly the later stage governs form and the earlier substance.",Governance review precedes stage 1 and follows stage 6; a stated preference overrides an inferred signal at any stage.,"=IF(0<1,""Safety modulation precedes all interpretive layers"",""Precedence inversion"")",True
196,Response Feedback Admission,Internal,§110.2,110,Reader,"D5 Inference, Prediction & Calibration",Reasoning,D5.ch110,"Record every delivered response with its query, scope description, cited records and their confidence at delivery; admit a reader's report on that response as a knowledge record through the ordinary extraction path with the reporting identity as attributed source. A report against a cited record increments that record's contradicting parameter by the source's weight — it does not set confidence, supersede the record or remove it. The reporting identity counts as a source class, so ten reports from one identity weigh less than ten from ten. A report is never admissible as grounding for the subject matter it concerns.",A contradicting report increments beta by the reporting source's reliability weight; confidence follows from §41.6.2 arithmetic.,=18/(18+2+0.85),True
197,Outcome Pairing and Subject Gate,Internal,§110.3,110,—,"D5 Inference, Prediction & Calibration",Reasoning,D5.ch110,"Admit an outcome observation recording what subsequently occurred in respect of a matter a response addressed, pair it with the response record, and refuse construction where the subject resolves to an individual natural person so no per-individual predictive record accumulates from operational use; institutional, organisational, system and aggregate-group subjects are admissible.",Construction is refused where the resolved subject class is an individual natural person.,"=IF(COUNTIF({""institution"",""process""},""individual"")>0,""Refused - individual subject"",""Outcome admitted"")",True
198,Delivered-Answer Calibration Score,Internal,§110.4,110,—,"D5 Inference, Prediction & Calibration",Reasoning,D5.ch110,"Compute over paired responses and outcomes the mean of squared differences between the confidence stated at delivery and the realised outcome, per domain and per confidence band, so a system well calibrated in one domain and poorly in another is not concealed by an aggregate; a finding of poor calibration is as reportable as one of good calibration and identifies where a confidence value should not be offered at its current precision.",score = sum (c_i - o_i)^2 / n over paired responses and outcomes.,=((0.9-1)^2+(0.85-1)^2+(0.8-0)^2+(0.75-1)^2+(0.7-0)^2)/5,True
199,Confidence Band Calibration Gap,Internal,§110.4,110,—,"D5 Inference, Prediction & Calibration",Reasoning,D5.ch110,"Compute per confidence band the difference between the proportion of realised outcomes and the mean confidence stated in that band; raise a calibration finding where the magnitude reaches the configured tolerance; emit the finding as an improvement proposal to a named human reviewer rather than applying it, with the parameters governing the measurement itself held in the permanently-excluded set so the mechanism cannot adjust the terms on which it is judged.",gap = observed outcome rate - mean stated confidence within the band; |gap| >= tolerance raises a finding.,"=IF(ABS((1+1+0+1+1)/5-(0.9+0.85+0.8+0.88+0.92)/5)>=0.05,""Calibration finding raised"",""Within tolerance"")",True
200,Expressive Register Selection,Internal,§111.1,111,—,D7 Grounded Expression,Reasoning,D7.ch111,"Select exactly one expressive register per response from a governed, versioned set — formal, plain, academic, instructional, narrative, supportive, authoritative — resolved before generation as an element of the Generation Directive and distinct from audience level and discipline mode; refuse an unregistered register rather than approximating it. A register governs voicing only: it alters no admitted record, no confidence value and no permissible vocabulary, so the authoritative register never removes a hedge a confidence value requires and the supportive register never softens an assertion the records state plainly.","A register is admitted only where it is a member of the registered set; voicing is governed by register, assertion by confidence.","=IF(COUNTIF({""formal"",""casual"",""academic"",""instructional"",""narrative"",""supportive"",""authoritative""},""academic"")>0,""Register admitted"",""Refused - unregistered tone"")",True
201,Affective Register Gate,Internal,§111.2,111,—,D7 Grounded Expression,Reasoning,D7.ch111,"Select the supportive register only on a stated preference, a configured default for an accessibility or discipline configuration, or the existing consent-gated prosodic signal; never by inference from word choice, punctuation, query length, error rate, retry behaviour or interaction timing, and construct no record of an inferred affective state. Where in effect it acknowledges the requester's stated position, reduces density and avoids imperative construction, while withholding no answer the records support and altering no confidence value.","The affective register requires a stated preference, a configured default, or a consented signal; an inferred affective state is refused.","=IF(COUNTIF({""stated"",""consented-signal""},""inferred-from-text"")>0,""Affective register applied"",""Refused - affective register requires a stated or consented signal"")",True
202,Media-Integrated Expression,Internal,§111.3,111,—,D7 Grounded Expression,Reasoning,D7.ch111,"Carry media assets inside a grounded response rather than alongside it, including an asset only where a knowledge record of the stabilized set references it and delivering it with a citation resolving it to that record; withhold an asset supporting no admitted record and an asset whose referencing record the scope description excluded, so no asset conveys what the text could not assert. A transformed asset carries its transformation provenance; an interpretive modulation selects among includable assets and cannot render one includable; an accessible equivalent accompanies each included asset at the same production stage.","An asset is included only where it is referenced by an admitted record within the scope description, and is delivered with that record's citation.","=IF(AND(1=1,0.91>=0.6),""Media asset admitted with citation"",""Refused - asset does not support a cited record"")",True
203,Sentence Aggregation,Internal,§112.2,112,—,D7 Grounded Expression,Reasoning,D7.ch112,"Realize propositions sharing a subject and joined by a conjunctive Narrative Graph edge as one sentence with a coordinated predicate, up to a configured maximum; refuse aggregation where confidence values differ beyond tolerance so a weakly-supported proposition is never qualified by coordination with a well-supported one; carry every constituent proposition's citation on the combined sentence so each clause remains resolvable to its record.",Aggregate where shared-subject propositions number at least two and their confidence values fall within the configured tolerance.,"=IF(AND(3>=2,1=1),""Aggregate into one sentence"",""Realize separately"")",True
204,Referring Expression Selection,Internal,§112.3,112,—,D7 Grounded Expression,Reasoning,D7.ch112,"Realize an entity in full registered form at first mention within a discourse unit and in reduced form thereafter; restore full form where a same-type entity intervenes or a new discourse unit begins. Ambiguity is decided by Ontology Mesh type rather than surface form, and full form is used wherever the test is indeterminate, since an unnecessary repetition costs a reader nothing and an ambiguous pronoun costs them the sentence.",Reduced form is permitted only where no same-type entity intervenes since the last full mention within the discourse unit.,"=IF(COUNTIF({""first-mention"",""same-type-intervening""},""same-type-intervening"")>0,""Full form required"",""Reduced form permitted"")",True
205,Connective Emission,Internal,§112.4,112,—,D7 Grounded Expression,Reasoning,D7.ch112,"Emit a connective marking the relation type of the Narrative Graph edge joining two sequentially-realized propositions — causal, adversative, expository, illustrative, sequential, concessive — selecting within the class by expressive register and sentence position so no connective recurs mechanically; emit none where no typed edge joins the propositions, since asserting an unbacked relation would assert what no record supports.",A connective is emitted only where a typed edge joins the two propositions; the class follows the edge type.,"=IF(COUNTIF({""CONTRASTS"",""CAUSES"",""ELABORATES""},""CONTRASTS"")>0,""Emit contrastive connective"",""No connective"")",True
206,Given-Before-New Ordering,Internal,§112.5,112,—,D7 Grounded Expression,Reasoning,D7.ch112,"Order constituents within a sentence so that material already realized in the preceding sentence precedes material new to the response, computed from the response's own prior content rather than from general familiarity; yield absolutely to target-language syntax, and exempt wording-operative spans, which are reproduced in source order because reordering would alter the wording that carries force.","A constituent realized in the preceding sentence is ordered ahead of one not yet realized, where target-language syntax permits.","=MIN(4,MAX(1,3))",True
207,Fingerprint-Bounded Lexical Variation,Internal,§112.6,112,—,D7 Grounded Expression,Reasoning,D7.ch112,"Substitute a registered synonym for a recurring term only where the proposition's semantic fingerprint is unchanged by the substitution, making variation verifiable rather than a source of drift; draw synonymy from resources registered under §4.9 so every admitted substitution is licensed and recorded; never vary a term inside a wording-operative span, a registered canonical entity name, or a governed discipline term.",A substitution is admitted only where the canonicalized triple's semantic fingerprint is preserved.,"=IF(0.94>=0.9,""Substitution admitted; fingerprint preserved"",""Refused - fingerprint would change"")",True
208,Commercial Eligibility Determination,User-Facing,§113.1,113,Reader,D13 Commerce & Entitlement Tokens,Platform,D13.ch113,"Determine eligibility of a commercial item from four already-established facts about the request — registered rights, recorded territory, delivered edition, device class — and from no other input; inferred ergonomic, cognitive-load and affective signals remain unavailable to commercial selection, a declared cultural profile may bound eligibility where an item's registration is locale-specific; where the eligible set is empty the commercial region is omitted and the omission is not disclosed, since a region that reports having nothing to show conveys information about the requester.",Eligibility is computed from declared request facts only; any inferred personal signal is barred from the determination.,"=IF(COUNTIF({""rights"",""territory"",""edition"",""device""},""cognitive-load"")>0,""Refused - inferred signal barred from commerce"",""Eligibility computed from declared facts"")",True
209,Placement Class and Density Ceiling,User-Facing,§113.2,113,Reader,D13 Commerce & Entitlement Tokens,Platform,D13.ch113,"Present a commercial item only in a registered placement class — inline between sections, edition-aligned, media-adjacent, or spatial within an immersive presentation — each a labelled region never interleaved with response propositions so position distinguishes answer from commerce; bound placements per response and per session by a configured density ceiling, omitting rather than deferring an item that exceeds it; capture and derive no gaze, dwell, head-pose or attention signal in any class.",A placement is admitted only where the running count remains within the configured per-response and per-session ceiling.,"=IF(AND(1=1,3<=5),""Placement admitted within density ceiling"",""Refused - density ceiling exceeded"")",True
210,Advertiser Provenance Record,Admin,§113.3,113,Operator,D13 Commerce & Entitlement Tokens,Platform,D13.ch113,"Register each commercial item with the presenting party's verified identity, the rights permitting presentation, covered territories, validity interval and registering operator, refusing registration where any is absent; record each presentation in the Provenance Ledger with item, placement class, occasioning concept identifier, eligibility facts and computed score, so a presentation is auditable against the rules in force at the time. A commercial item is not a knowledge record: not citable, not traversable, contributing to no confidence value, and any assertion within it is labelled as the presenting party's.","Selection score = weighted sum of relevance, source-priority and bid factors with weights summing to unity; recorded per presentation.",=0.4*0.9+0.3*0.7+0.3*0.6,True
211,Territory Price Registration,Admin,§113.5,113,Operator,D13 Commerce & Entitlement Tokens,Platform,D13.ch113,"Register each commerce object — edition, media asset, immersive experience, bundle, institutional or classroom licence, supplemental pack — with the rights permitting sale, the territories in which it may be sold, and a price per territory and currency; withhold the offer in a territory for which no price is registered rather than offering at a default.",An offer is made only where a price is registered for the request's territory and currency.,"=IF(COUNTIF({""US"",""CA"",""UK""},""US"")>0,""Territory price applied"",""Refused - no price registered for territory"")",True
212,Transaction Reconciliation,Admin,§113.5,113,Operator,D13 Commerce & Entitlement Tokens,Platform,D13.ch113,"Perform purchase, rent, subscribe, unlock, upgrade or transfer against a registered commerce object, producing a transaction record carrying acting identity, object, action, price and currency, territory, rights validation relied upon and a ledger reference; supersede rather than delete a prior entitlement on upgrade; refuse a transaction that cannot be reconciled against an entitlement change rather than recording it pending, so entitlement state and transaction history cannot diverge; a token whose state disagrees with the entitlement record raises a divergence finding, the entitlement remaining authoritative.",A transaction is recorded only where the entitlement change reconciles exactly; an unreconcilable transaction is refused.,"=IF(0=0,""Ledger balanced; transaction recorded"",""Refused - transaction not reconcilable"")",True
213,Commandable Equipment Registration,Admin,§114.1,114,Operator,D6 World Model & Perception,Knowledge,D6.ch114,"Register each commandable unit of the capture and inspection class — pan-tilt-zoom head, lighting fixture, bounded-volume capture drone, inspection arm, mobile capture base, positioning stage — with its kinematic envelope, velocity and force limits and operating volume; refuse emission to a unit missing any of these and to any class outside scope. The §96.8 vehicle prohibition is unchanged: vehicle telemetry remains analysis-only and no vehicle control interface exists.","A command is emitted only to a registered unit of an in-scope class whose registration carries envelope, limits and volume.","=IF(COUNTIF({""pan-tilt-head"",""capture-drone"",""inspection-arm""},""vehicle"")>0,""Refused - class outside authorized scope"",""Equipment class in scope"")",True
214,Session Authorization for Actuation,Admin,§114.3,114,Operator,D6 World Model & Perception,Knowledge,D6.ch114,"Grant command authority per session rather than per command, recorded with the authorizing operator's identity, covered units, permitted volume, permitted task classes and expiry; halt emission on expiry rather than prompting mid-motion; effect revocation before the next command rather than at plan end; confer no capability over unnamed equipment; record in the Provenance Ledger so every command traces to its authorization and grantor.","Emission proceeds only while the session authorization is unexpired, unrevoked, and covers the unit, volume and task class.","=IF(AND(1=1,120<=300),""Session authorization valid"",""Refused - authorization expired"")",True
215,Pre-Emission Constraint Veto,Internal,§114.5,114,—,D6 World Model & Perception,Knowledge,D6.ch114,"Evaluate every command before emission against operating volume, kinematic envelope, velocity and force limits, minimum obstacle clearance, human exclusion distance, inter-unit swept-volume overlap and recording-restricted zones; withhold any violating command unconditionally — not emitted at reduced priority, not emitted with a warning, and not automatically modified into a permissible command.",A command is emitted only where every constraint test passes; a single violation withholds emission outright.,"=IF(AND(1=1,0.42<=0.6),""Command emitted"",""Vetoed - clearance below minimum"")",True
216,Safety-Only Human Proximity Detection,Internal,§114.5,114,—,D6 World Model & Perception,Knowledge,D6.ch114,"Detect persons solely to compute exclusion clearance along a commanded trajectory; retain no detection beyond the instant of evaluation, admit none to any result set, make none queryable and expose none to any other mechanism. This preserves the standing exclusion of person classifications from result sets while allowing a machine to avoid people: a system that could not see a person could not avoid one, and one that remembers seeing them is a surveillance capability.",Governing clearance is the lesser of measured distance to a detected person and the configured exclusion distance.,"=MIN(0.35,0.6)",True
217,Halt Path Independent of Reasoning,Internal,§114.6,114,—,D6 World Model & Perception,Knowledge,D6.ch114,"Emit a halt on clearance or proximity breach, stale equipment state, authorization expiry or revocation, sensor-stream loss, or explicit request; evaluate the halt directly from equipment state and constraint set without traversing retrieval, stabilization, generation or interpretive modulation, so it cannot be delayed by a query in progress; place the unit in its registered safe state and require an explicit resume; record every halt so repeated halts on a unit or task class are queryable.","A halt triggers where measured clearance falls to or below the configured minimum, evaluated outside the reasoning path.","=IF(0.42<=0.6,""Halt - clearance breach"",""Continue"")",True
218,Assistive Contact Registration and Hazard Analysis,Admin,§115.1,115,Operator,D6 World Model & Perception,Knowledge,D6.ch115,"Register a unit making intentional contact with a person under an authorization class disjoint from Chapter 114's, in one of three classes — servant (carries or hands over), assistant (supplements movement), carrier (bears weight); refuse registration where a hazard analysis for the intended task, user and environment has not been completed and recorded with the assessor's identity, since every later requirement is meaningless if the hazards were never enumerated. A device registered under both chapters is governed by the authorization under which a given command was emitted.",Registration is refused absent a recorded hazard analysis; the two authorization classes confer nothing on one another.,"=IF(AND(1=1,1=1),""Contact authorized"",""Refused - both authorizations required"")",True
219,Two-Party Contact Authorization,Admin,§115.2,115,Operator / Reader,D6 World Model & Perception,Knowledge,D6.ch115,"Require a deployment authorization from an identified operator and a contact consent from the assisted person concurrently, neither substituting for the other: deployment establishes contact is permissible, consent establishes it is wanted. Consent is bounded to task class and interval and does not persist across sessions. Withdrawal by the assisted person through any registered channel halts within the registered stopping interval and cannot be overridden by an operator, a representative or a task in progress; an operator halt is not a withdrawal and does not require re-consent.",Contact proceeds only while both authorizations are held; a withdrawal by the assisted person governs absolutely.,"=IF(COUNTIF({""assisted-person"",""operator""},""assisted-person"")>0,""Halt - withdrawal by assisted person"",""Continue"")",True
220,Contact Force and Pressure Limits,Internal,§115.5,115,—,D6 World Model & Perception,Knowledge,D6.ch115,"Replace the exclusion-distance constraint with a contact constraint set: force and pressure limits registered per body region so a within-limit force over a reduced area is not thereby permitted, registered contact regions, a contact velocity below free-motion velocity, consent currency, and absence of any configuration from which the person could not be released; a violation halts rather than adjusts. Registered values derive from the hazard analysis and the governing standard's biomechanical limits rather than from figures stated in this specification.",Measured force and pressure at each contact region must not exceed the limit registered for that region.,"=IF(28<=65,""Within registered limit for contact region"",""Halt - force limit exceeded"")",True
221,Release as Default Failure State,Internal,§115.6,115,—,D6 World Model & Perception,Knowledge,D6.ch115,"Design and register every unit so that power loss, control-signal loss, safety-path fault or any halt releases the person rather than retaining them — a gripper that holds on power loss traps whom it was assisting. A weight-bearing unit is excepted only where its registration records redundant support: its safe state is controlled retention with an alert and a bounded interval for transferring support. The release path does not traverse the reasoning path and must operate where that path is unavailable entirely.",Any fault or halt yields release; retention is permitted only for a registered weight-bearing unit with redundant support.,"=IF(0=0,""Safe release executed"",""Fault - grip retained"")",True
222,Support Redundancy for Weight-Bearing,Internal,§115.5,115,—,D6 World Model & Perception,Knowledge,D6.ch115,"Maintain support for a person whose weight is borne through at least two independent means so no single failure withdraws support; a unit registered without redundant support may not bear weight. Contact is never initiated from inference — only on request by the assisted person, by an operator under held consent, or within a consented task sequence — and no record of the person's body, movement, capability or dependency is constructed, retained or made queryable.",A weight-bearing command requires at least two independent support means confirmed present.,"=IF(2>=2,""Redundant support confirmed"",""Refused - single point of support"")",True
223,Energy Descent and Termination,Internal,§116.1,116,—,D4 Retrieval & Response,Reasoning,D4.ch116,"Ground convergence in the monotonic decrease of E = -1/2 sum over distinct pairs of w_ij s_i s_j, so termination follows from the descent rather than from an iteration bound and a given initial configuration under given weights reaches an identical stable state every execution; distinguish termination from uniqueness, the capacity bound making a spurious state improbable rather than impossible.","E = -1/2 sum_{i<j} w_ij s_i s_j; each accepted update strictly decreases E, so no configuration recurs.",=-0.5*(2*1*1*1+2*-1*1*1+2*1*1*1+2*1*1*1+2*-1*1*1+2*1*1*1),True
224,Bounded Frame Reconstruction,Internal,§116.3,116,—,D6 World Model & Perception,Knowledge,D6.ch116,Complete a partially-observed sensor frame by converging observed regions to the nearest stored configuration; bound the completed region's confidence above by the lesser of the observed regions' confidence and the stored configuration's; render it inadmissible as grounding so it supports no assertion and moves no confidence value; produce nothing where convergence fails within the iteration ceiling and report the gap instead.,"Reconstructed confidence = MIN(observed confidence, stored-configuration confidence).","=MIN(0.94,0.88)",True
225,Reconstruction Marking,Internal,§116.3,116,—,D6 World Model & Perception,Knowledge,D6.ch116,"Mark every reconstructed region as reconstructed so it is never presented as observed; a frame carrying an acknowledged hole is truthful, a frame whose hole has been filled with an inference presented as observation is not.",A region is presented as observed only where it was observed; a converged region carries the reconstructed marking.,"=IF(COUNTIF({""observed"",""reconstructed""},""reconstructed"")>0,""Marked reconstructed; not presented as observed"",""Observed region"")",True
226,Difference-Preserving Alignment,Internal,§116.4,116,—,D3 Ontology & Conceptual Structure,Knowledge,,"Align timelines, sequences and editions by convergence only where the divergence falls below the configured threshold, treating that as extraction variance; preserve a divergence at or above threshold as a genuine difference and preserve any divergence that cannot be classified, since erasing a real difference costs a reader the fact while preserving a spurious one costs a footnote; record incompatible content between preserved editions in the contradiction index.",Converge where divergence < threshold; preserve where divergence >= threshold or is unclassifiable.,"=IF(0.31>=0.15,""Genuine edition difference - preserved"",""Extraction variance - converged"")",True
227,Control Oscillation Fault,Internal,§116.5,116,—,D6 World Model & Perception,Knowledge,D6.ch116,"Damp oscillation and jitter in a control signal by convergence, evaluating the damped command against the constraint set identically to an undamped one so damping never brings a command within a limit it would otherwise exceed; where control-error sign changes reach the configured frequency across a window, raise a control fault, cease damping and invoke the halt path, because a persistently damped oscillation is a concealed fault rather than a stabilised loop.",Sign changes of the control error across the window >= configured frequency raises a fault and halts.,"=IF(5>=4,""Oscillation - raise control fault"",""Control stable"")",True
228,One-Hop Concept Adjacency Set,User-Facing,§113.8.1,113,Reader,D13 Commerce & Entitlement Tokens,Platform,D13.ch113,"Supply commercial selection with the query's resolved concept identifier together with concepts one edge away, computed at the point of supply after retrieval, stabilization and generation complete; restrict to adjacency-bearing edge types — subsumption, part-whole, registered general association — excluding causal, temporal and contradiction edges, since a concept related as a cause or a contradiction is not thereby one the reader wants offered; perform no traversal from an adjacent concept, so two-edge concepts never enter the set.",An adjacent concept is admitted only where its connecting edge type is registered as adjacency-bearing and lies within one hop.,"=IF(COUNTIF({""IS-A"",""PART-OF"",""RELATED-TO""},""CAUSES"")>0,""Edge type permitted for adjacency"",""Refused - edge type not in adjacency set"")",True
229,Adjacency Scope Confinement,User-Facing,§113.8.1,113,Reader,D13 Commerce & Entitlement Tokens,Platform,D13.ch113,"Exclude from the adjacency set any concept lying outside the requester's scope description, and do not signal the exclusion, so the existence of a concept beyond a requester's entitlement cannot be inferred from what was advertised to them; the adjacency set is recomputed per request and retained no longer than the request.",An adjacent concept enters the set only where the requester's scope description admits it.,"=IF(COUNTIF({""in-scope"",""out-of-scope""},""out-of-scope"")>0,""Refused - adjacent concept outside requester scope"",""Adjacent concept admitted"")",True
230,Attenuated Adjacency Relevance,User-Facing,§113.8.2,113,Reader,D13 Commerce & Entitlement Tokens,Platform,D13.ch113,"Let an adjacent concept participate in the relevance factor alone and never in eligibility, so an ineligible item does not become eligible by matching a neighbour; attenuate relevance computed through adjacency relative to relevance against the query concept itself, so a direct match outranks a neighbour match; leave the three existing weights unchanged and summing to unity.","Score = 0.4*relevance + 0.3*source-priority + 0.3*bid, with adjacency-derived relevance attenuated below direct relevance.",=0.4*0.72+0.3*0.7+0.3*0.6,True
231,Convergence Regime Disclosure,Internal,§116.2.1,116,—,D4 Retrieval & Response,Reasoning,D4.ch116,"Operate each network under exactly one recorded convergence regime and return with every derived output an indication of which was in effect: a spectral-norm contraction guaranteeing a unique equilibrium by construction, or a capacity bound below the retrieval-phase boundary rendering a differing converged state improbable rather than impossible. The two support different statements about an identical output and a recipient cannot distinguish them from the output itself. The election is a member of the permanently-excluded subsystem set, changed only by an operator and recorded with that operator's identity, so no internally-generated proposal can elect the weaker regime to obtain freer weight updates.","Exactly one regime is in effect per network; the output discloses which, and the election cannot be altered from within the system.","=IF(COUNTIF({""unique-equilibrium"",""capacity-bounded""},""unique-equilibrium"")>0,""Disclose: unique equilibrium guaranteed"",""Disclose: capacity-bounded convergence"")",True
232,Trial Budget and Scheduling,Admin,§117.1,117,Operator,D11 Platform Governance & Evolution,Platform,D11.ch117,"Meter every trial as a bounded compute-accounting slice in a trial category with a per-interval budget; schedule trial slices below safety evaluation without exception, below requester-serving slices and below ingestion; defer a trial exceeding its allocation rather than serving it at reduced priority, so a campaign cannot degrade the system it measures. Trials are free of physical consequence — nothing wears, is damaged or crashes — but not free of cost; the cost shifts from equipment and risk to compute and scheduling, and is recorded so an operator decides with a figure in front of them.",A trial executes only where the trial-category budget for the interval is not exceeded; otherwise it defers.,"=IF(AND(2400<=5000,1=1),""Test budget within allocation"",""Deferred - would contend with production slices"")",True
233,Trial Isolation and Non-Application,Admin,§117.2,117,Operator,D11 Platform Governance & Evolution,Platform,D11.ch117,"Execute trials against an isolated corpus and configuration: construct no production knowledge record, adjust no production confidence value, emit no command to physical equipment outside simulation, deliver no output to a requester. Record results as trial records excluded from ordinary scope descriptions. Apply nothing — a finding is emitted as a proposal requiring a named human approval, and ten million trials produce the same class of output as one: evidence for a person to act on. Regression blocks rather than reports: a case passing before a change and failing after it withholds the change.",A change is applied only where no previously-passing trial case regresses; a regression withholds the change.,"=IF(COUNTIF({""passed"",""regressed""},""regressed"")>0,""Refused - previously-passing case now fails"",""Regression clear"")",True
234,Trial Space Coverage,Admin,§117.5,117,Operator,D11 Platform Governance & Evolution,Platform,D11.ch117,"Enumerate the trial space per layer rather than sampling it, execute cases from the enumeration, and record coverage as the executed proportion together with an enumeration of the cases not executed, so the residue is stated rather than left as an unexamined assumption. Exhaustive mode is where the absence of physical cost pays: a space prohibitive to explore with equipment can be explored completely.","Coverage = executed cases / enumerated trial space, with uncovered cases listed individually.",=847/920,True
235,Determinism Verification,Admin,§117.5,117,Operator,D11 Platform Governance & Evolution,Platform,D11.ch117,"Measure determinism as the proportion of repeated trials over an identical corpus state and configuration yielding an identical semantic fingerprint; a measurement spanning a corpus that changed between trials is not a determinism measurement, since confidence legitimately moves as evidence accumulates. Any value below unity is a defect rather than a tolerance. The §96.9 probes applied inward measure the claimed property directly rather than a proxy.",Determinism = identical-fingerprint repeats / total repeats over an unchanged corpus state; the only passing value is 1.0.,"=IF(1000/1000>=0.999,""Determinism verified across trial set"",""Defect - determinism not reproduced"")",True
236,Simulation Is Not Clearance,Admin,§117.6,117,Operator,D11 Platform Governance & Evolution,Platform,D11.ch117,"Treat a trial result concerning equipment as evidence about a model, never as clearance to operate: clearance comes from hazard analysis, verification and certification on the specific unit in its configuration. Where a simulation and a physical trial disagree, the physical trial governs and the disagreement is recorded as a finding about the simulation. A campaign may contribute to a hazard analysis as one input; it may not conclude one.","Operation is cleared only by unit certification; a simulation pass, at any scale, does not substitute.","=IF(COUNTIF({""simulation-pass"",""unit-certification""},""unit-certification"")>0,""Cleared for operation"",""Refused - simulation is not clearance"")",True
237,Graspable Object Registration,Admin,§120.1,120,Operator,D6 World Model & Perception,Knowledge,D6.ch120,"Register each graspable object with mass, permitted grip force, fragility limit and admissible contact regions; refuse to grasp an unregistered object rather than inferring grip force from appearance, since an inference about how hard to squeeze something errs destructively and immediately. Apply the least of the unit's force ceiling, the object's fragility limit, and the computed requirement raised by the configured margin — the margin applied before the limits, so it can never carry force above one.","Applied force = MIN(unit ceiling, fragility limit, required force x (1 + margin)).","=MIN(18,15,12.4*1.15)",True
238,Slip Response and Controlled Release,Internal,§120.2,120,—,D6 World Model & Perception,Knowledge,D6.ch120,"Detect slip from divergence between commanded and observed object position during a held grasp; increase applied force toward the lesser of unit ceiling and fragility limit and no further; where slip continues at that bound, release under control rather than tightening, recording object, force at release and observed slip rate. The fragility limit is a limit, not a target: an object that will not be held within it is an object not to be held.","On slip, force rises to MIN(ceiling, fragility); continued slip at that bound triggers controlled release.","=IF(COUNTIF({""within-limit"",""at-limit""},""at-limit"")>0,""Release under control"",""Increase force toward limit"")",True
239,Gripper Opens on Fault,Internal,§120.3,120,—,D6 World Model & Perception,Knowledge,D6.ch120,"Register every manipulator so power loss, control-signal loss, safety-path fault or any halt opens the gripper. Plan each grasp so the fall path is unobstructed before the grasp is made, refusing trajectories whose release path is obstructed; on an obstruction entering during a held grasp, move to the nearest pose with a clear path and, failing that, retain and raise a fault. A dropped object is a cost; a crushed object, a trapped hand and an object no one can command are worse.",Any fault or halt opens the gripper; retention is permitted only where the release path is obstructed and no clear pose exists.,"=IF(0=0,""Gripper opens; object released"",""Fault - object retained"")",True
240,Handover Release Condition,User-Facing,§120.4,120,Reader,D6 World Model & Perception,Knowledge,D6.ch120,"Perform handover under the Chapter 115 authorization, presenting the object within reach and applying no force toward the person; release on detected support sustained across the configured interval, and on timeout lower the object under control to a registered surface rather than releasing into the air. Never pull, never resist a person taking the object, never re-grasp what a person has taken, and never press an object against anyone.","Release occurs only on sustained detected support; absent it, controlled lowering rather than release.","=IF(COUNTIF({""stable-support"",""no-support""},""stable-support"")>0,""Release to recipient"",""Retain - controlled lowering on timeout"")",True
241,Navigable Region Registration,Admin,§121.1,121,Operator,D6 World Model & Perception,Knowledge,D6.ch121,"Register a navigable region — travelable surfaces, boundaries, excluded zones — in place of a fixed operating volume, since free space in a shared corridor changes faster than a plan can be recomputed. Maintain a continuously-updated clearance model as session-scoped working state, never admitted as a knowledge record, and halt motion where the model exceeds its staleness bound.",Motion proceeds only within the registered navigable region and only on a clearance model within its staleness bound.,"=IF(COUNTIF({""corridor-A"",""atrium"",""loading-bay""},""restricted-ward"")>0,""Region admitted"",""Refused - outside registered navigable region"")",True
242,Clearance-Bounded Speed,Internal,§121.2,121,—,D6 World Model & Perception,Knowledge,D6.ch121,"Bound commanded speed by the lesser of the unit's registered maximum and a configured coefficient times the clearance ahead, so the unit slows as space closes rather than holding speed until an obstacle forces a stop; stopping distance at every permitted speed stays below the clearance that permitted it. No task parameter, priority or deadline raises the coefficient — a machine that hurried when late would be fastest exactly when its planning was worst.","Permitted speed = MIN(registered maximum, coefficient x clearance).","=MIN(1.5,0.6*0.6)",True
243,Unconditional Yield,Internal,§121.3,121,—,D6 World Model & Perception,Knowledge,D6.ch121,"Yield to a person on every path conflict: stop or withdraw along the path already travelled, never routing around at speed, never signalling for accommodation, never computing which party should give way — a person who cannot predict a machine cannot avoid it. Resolve unit-to-unit conflicts by registered ordering rather than negotiation, faulting both on persistent deadlock. Never maintain a following distance behind a person.","Where a person's path conflicts with the unit's, the unit yields without exception.","=IF(COUNTIF({""machine"",""person""},""person"")>0,""Yield - person has right of way"",""Proceed"")",True
244,Motion-Only Clearance Envelope,Internal,§121.4,121,—,D6 World Model & Perception,Knowledge,D6.ch121,"Compute the occupied envelope for a person from observed position and velocity over a short window and from nothing else: no identity, no history beyond the window, no retention past the interval governed, and no availability to any other mechanism or interface. Where observed motion does not support an envelope, treat the full reachable region as occupied rather than assuming continuation, since an assumption about where someone will go is what produces a collision when they do otherwise.",The envelope derives from observed motion alone; identity may not inform it.,"=IF(COUNTIF({""observed-motion"",""identity""},""identity"")>0,""Refused - identity may not inform the envelope"",""Envelope computed from motion alone"")",True
245,Stop Rather Than Relax,Internal,§121.5,121,—,D6 World Model & Perception,Knowledge,D6.ch121,"Where no path satisfies the constraint set, stop: do not reduce a clearance requirement to find a path, do not proceed slowly through a sub-minimum clearance, do not select a least-violating trajectory. Report the obstruction with the clearance model after the configured interval and await an operator. A gate reached often is a gate under pressure to become a preference, which is why this is restated for a condition that will invoke it frequently.",A path is admitted only where its clearance meets the configured minimum; otherwise the unit stops.,"=IF(0.28>=0.35,""Path admitted"",""Stop - no path satisfies the clearance minimum"")",True
246,Predictive Level Registration,Internal,§122.1,122,—,"D5 Inference, Prediction & Calibration",Reasoning,D5.ch122,"Maintain four hierarchically ordered expectation levels — lexical (the next element within a record), sequential (the next record given a sequence), conceptual (an instance attribute given its concept), invariant (a regularity of the world model) — each predicting within its own scope and never predicting what a level above it predicts.",An expectation is evaluated only at a registered level of the hierarchy.,"=IF(COUNTIF({""lexical"",""sequential"",""conceptual"",""invariant""},""conceptual"")>0,""Level registered"",""Refused - unregistered expectation level"")",True
247,Lowest-Level Error Attribution,Internal,§122.2,122,—,"D5 Inference, Prediction & Calibration",Reasoning,D5.ch122,"Attribute a prediction error to the lowest level whose residual accounts for the configured share of total residual, applying revision at that level alone and passing nothing upward; a mis-parsed sentence says nothing about physics. Without this rule a mis-read unit propagates until it perturbs a physical constraint, and a system revising invariants on parsing errors becomes less reliable the more it reads.",Level share = level residual / total residual; attribution goes to the lowest level clearing the configured share.,=0.42/(0.42+0.31+0.08+0.05),True
248,Escalation Gate,Internal,§122.3,122,—,"D5 Inference, Prediction & Calibration",Reasoning,D5.ch122,"Escalate to a level only where every level below it fails the share test, so a conceptual revision requires lexical and sequential residuals below the share and an invariant revision requires all three below it; an invariant is revised only where the observation survived every cheaper explanation. Revision magnitude at the attributed level remains governed by precision weighting, so attribution fixes where and precision fixes how far.",A level is attributed only where each lower level's residual falls below the configured share.,"=IF(0.4884>=0.4,""Attribute to lowest accounting level"",""Escalate to next level"")",True
249,Unattributed Error Retention,Internal,§122.3,122,—,"D5 Inference, Prediction & Calibration",Reasoning,D5.ch122,"Where no level clears the share, record the observation in the contradiction index and apply no revision anywhere — an error no level accounts for is a finding about the hierarchy, not an instruction to it; surface repeated unattributed errors against a common expectation as a pattern, since one is noise and a hundred is a missing level. No level revises a registered physical constraint; an apparently contradicting observation enters the index rather than relaxing it.",An unattributed error is recorded and applied nowhere; physical constraints are never revised by observation.,"=IF(COUNTIF({""attributed"",""unattributed""},""unattributed"")>0,""Recorded in contradiction index; no revision applied"",""Revision applied at attributed level"")",True
250,Edge-Class Traversal Cost,Internal,§123.1,123,—,D4 Retrieval & Response,Reasoning,D4.ch123,"Assign each edge class a traversal cost and bound pre-activation by a budget in cost units rather than by hop count: semantic edges cheap because meaning stays informative over distance, editorial dearer because relevance decays across version boundaries, temporal dearest because adjacency in time is weak evidence of relatedness and a long walk gathers noise. Costs are registered configuration recorded with the response, never adjusted by the system from its own experience.",Budget consumed = sum over classes of (hops x cost); traversal halts when the registered budget is exhausted.,"=IF(12*1+2*3+0*8<=24,""Within propagation budget"",""Refused - budget exceeded"")",True
251,Propagation Reach by Class,Internal,§123.1,123,—,D4 Retrieval & Response,Reasoning,D4.ch123,"Derive each edge class's reach from its cost against the traversal budget, so a query may reach widely through meaning and shallowly through time at the same cost as the reverse; traversal is bounded by construction rather than by a stopping heuristic, and the same query under the same cost table pre-activates the same set on every execution.",Reach of a class = budget / cost per hop for that class.,"=MIN(24/1,24/3,24/8)",True
252,Tri-Temporal Posture,User-Facing,§123.2,123,—,"D5 Inference, Prediction & Calibration",Reasoning,,"Resolve a query in exactly one of three postures and state which produced the answer: attested past under the attestation-horizon cutoff, live present reading the live layer over the committed layer, or projected future carrying a credible interval. Past and present results are ordinary knowledge records; a projected result is never admitted as a record and never grounds a subsequent generation. Where a response draws on more than one posture each proposition carries its own, so a difference between answers reads as a difference of posture rather than an inconsistency.",A result is admissible as grounding only where its posture is attested-past or live-present; projected-future is labelled and withheld.,"=IF(COUNTIF({""past"",""present"",""future""},""future"")>0,""Forecast - labelled, not admitted as record"",""Attested state - admissible"")",True
253,Six-Dimensional Coherence,Internal,§124.1,124,—,"D5 Inference, Prediction & Calibration",Reasoning,D5.ch124,"Compute a coherence value across semantic, temporal, spatial, editorial, media and evidential dimensions, each derived from mechanisms already specified, and take the least of the six as governing rather than the mean, since a mean lets five strong dimensions conceal the one weak dimension that is the actual finding.",coherence = MIN over the six dimensional values; the governing dimension is named with the result.,"=MIN(0.94,0.88,0.91,0.62,0.90,0.86)",True
254,Coherence Classification,Internal,§124.1,124,—,"D5 Inference, Prediction & Calibration",Reasoning,D5.ch124,"Classify by the governing value against configured floors — stable, drifting, misaligned — always naming the dimension that produced the classification; distinguish two further states with different causes and remedies: incomplete, where a dimension cannot be computed for want of data, and contradictory, where two records assert incompatible content and a specific pair is recorded. Coherence informs and never gates: it adjusts no confidence, admits or excludes no record, and withholds no output.",Stable at or above the upper floor; drifting between floors; misaligned below the lower floor.,"=IF(MIN(0.94,0.88,0.91,0.62,0.90,0.86)>=0.85,""Stable"",IF(MIN(0.94,0.88,0.91,0.62,0.90,0.86)>=0.70,""Drifting - reported"",""Misaligned - reported with dimension named""))",True
255,Context Lock and Key,Internal,§124.2,124,—,D0 Prime Directive,Governance (vertical),,"Enumerate the context dimensions whose values must agree for the determinism guarantee to hold — device class, entitlement set, locale, expressive register, audience level, temporal posture, traversal cost table, convergence regime — compute a key over them and return it with the output. Identical keys mean the outputs must be identical and a difference is a defect; differing keys mean nothing is claimed. The enumeration is in the permanently-excluded set, since a mechanism able to unlock a dimension could restore apparent determinism by narrowing what determinism means.",Determinism is asserted between two executions only where the context key computed over the locked dimensions is identical.,"=IF(COUNTIF({""device"",""entitlement"",""locale"",""register"",""audience"",""posture"",""costs"",""regime""},""session-time"")>0,""Locked dimension - determinism claimed"",""Unlocked - determinism not claimed across this difference"")",True
256,Relevance Gradient,Internal,§124.3,124,—,D4 Retrieval & Response,Reasoning,,"Compute at traversal time the rate of change of relevance across a record's neighbours within an edge class, and order traversal to prefer directions of lower gradient, since slowly-changing relevance marks a region of stable meaning while a sharp change marks a boundary beyond which traversal gathers material of a different kind. Computed from values the records already carry, stored nowhere, adding no schema field, and altering the order in which the §123.1 budget is spent rather than what is reachable within it.",gradient = |relevance(a) - relevance(b)| across neighbours in an edge class; lower gradient is traversed first.,=ABS(0.91-0.62),True
257,Substrate Output as a Modality,Admin,§4.10.1,4,Operator,D1 Ingestion & Sensory Intake,Knowledge,D1.ch4,"Register a computational substrate — neuromorphic processor, memristive array, multi-electrode array — as a source under a declared capability and its output as a modality with its own independently-failing extractor, so a substrate that becomes unavailable removes one modality and leaves the rest operating; reduce its output to concept-level records before admission, retain no raw episode, pass the safety gate, calibrate confidence against the substrate's registered reliability, and treat the substrate as a source class so many readings from one array do not weigh as readings from many.",A substrate output is ingested only where its modality and extractor are registered.,"=IF(COUNTIF({""text"",""image"",""audio"",""video"",""sensor"",""spike-train""},""spike-train"")>0,""Registered modality; extractor dispatched"",""Refused - unregistered modality"")",True
258,Registered Substrate Interpretation,Internal,§4.10.2,4,—,D1 Ingestion & Sensory Intake,Knowledge,D1.ch4,"Admit a substrate output as a measurement of that substrate's behaviour; admit it as bearing on any other subject only through an interpretation registered in advance with its own provenance and reliability, revisable by an operator. Absent a registered interpretation the output is a measurement of the substrate and nothing more, since a response to a stimulus is evidence of what the substrate produced and not of what it was asked about.","Derived confidence = MIN(substrate reliability, interpretation reliability) — no better than the weaker of instrument and reading.","=MIN(0.71,0.55)",True
259,Substrate Stimulation Dispatch,Admin,§4.10.3,4,Operator,D1 Ingestion & Sensory Intake,Knowledge,D1.ch4,"Dispatch a stimulus to a registered substrate through its connector under a declared capability, refusing an undeclared capability at the boundary and recording each stimulus with its dispatching identity; emit no stimulus on an inference that stimulation would be useful, and let no substrate response adjust the parameters governing when it may be stimulated. Where a substrate comprises living tissue, the operating institution's governance and any review its jurisdiction requires apply; this specification authorises no substrate's operation.",A substrate output is admitted as calibrated evidence only where it clears the configured confidence floor.,"=IF(0.71>=0.6,""Substrate output admitted as calibrated evidence"",""Below floor - recorded, not admitted"")",True
260,Analog Convergence Realization,Internal,§7.7.1,7,—,D4 Retrieval & Response,Reasoning,D4.ch7,"Perform the threshold update by the settling of a variable-conductance array rather than by computing it: activations applied as row potentials, weights as element conductances, the weighted sum as column current, the stable state read by comparing current against a reference. The mapping is exact rather than analogical — Ohm's and Kirchhoff's laws produce the summation — and the duration of one settling does not scale with network size, where a digital update of an 8,192-unit network performs 67,108,864 multiply-accumulates.",Digital multiply-accumulates per update = N^2; one analog settling performs the same summation as a single physical operation.,=8192*8192,True
261,Unique-Equilibrium Precondition,Internal,§7.7.2,7,—,D4 Retrieval & Response,Reasoning,D4.ch7,"Permit analog realization only under the §116.2 monotone parameterization, refusing an array operated under the capacity bound alone. Conductance elements cannot be manufactured exactly, so two arrays hold weight matrices differing by fabrication tolerance; under a capacity bound both converge but may settle to different stable states while each behaves correctly, whereas under a unique equilibrium both settle to the same one. Uniqueness ceases to be a strengthening and becomes the precondition.",Analog operation is permitted only where the network's registered convergence regime is unique-equilibrium.,"=IF(COUNTIF({""unique-equilibrium""},""capacity-bounded"")>0,""Analog realization permitted"",""Refused - analog realization requires the unique-equilibrium regime"")",True
262,Cross-Array Agreement,Internal,§7.7.3,7,—,D4 Retrieval & Response,Reasoning,D4.ch7,"Register each array with its dimensions, conductance range, fabrication tolerance and read tolerance; resolve a column falling within tolerance of the threshold by a further settling rather than by rounding, and report unresolved with fallback to the digital path where it does not resolve; require two arrays on a common input under a common weight specification to agree within tolerance, raising a fault on divergence rather than averaging, since averaging two disagreeing results produces a state neither array reached and a state no array reached is not an attractor of either.",Two arrays agree where |state_A - state_B| <= registered read tolerance; beyond it a fault is raised.,"=IF(ABS(0.42-0.415)<=0.05,""Chips agree within tolerance"",""Divergence - device variation exceeds tolerance"")",True
263,Cross-Array Agreement Under Variation,Internal,§116.2,116,—,D4 Retrieval & Response,Reasoning,D4.ch116,"Parameterize by spectral norm below unity rather than by diagonal dominance: a diagonal-dominance constraint collapses the state toward zero where a unit's sign is near-ambiguous, yielding a unique equilibrium carrying no information, whereas a contraction retains the structure the weights encode. Simulated over 64 units holding six patterns, two matrices differing by 5% conductance variation settled differently on 30.5% of inputs under the capacity bound and 0.5% under a contraction at spectral norm 0.9 — recorded as a simulation result, not a hardware measurement.",Disagreement rate between two varied weight matrices is materially lower under a spectral contraction than under the capacity bound.,=1-0.005/0.305,True
264,Engine-Specific Prompt Composition,Internal,§126.2,126,Operator,D1 Ingestion & Sensory Intake,Knowledge,D1.ch126,"Compose a prompt from knowledge records through the regeneration mechanism under the vocabulary constraint, adding semantic markers naming the concepts to address, extraction instructions specifying the return form, and alignment constraints stating the target record schema; compose per engine from a registered profile recording accepted input form, context bound, declared capabilities and reliability. Composition is deterministic, so an identical request under an identical profile yields an identical prompt and a differing reply is attributable to the engine rather than to the asking.","Confidence of a converted record = MIN(engine reliability, extraction-instruction reliability).","=MIN(0.88,0.62)",True
265,Reply Conversion to Knowledge Records,Internal,§126.3,126,Operator,D1 Ingestion & Sensory Intake,Knowledge,D1.ch126,"Dispatch through a registered connector under a declared capability, refusing an unregistered engine or undeclared capability at the boundary; rate-limit and batch under compute accounting, deferring over-budget dispatches; terminate on failure, malformed reply or over-bound reply without producing a partial record. Normalize and segment the reply into individual assertions, convert each to a candidate record validated against its type's machine definition, and assign a temporal anchor from elicitation time, a semantic fingerprint and a provenance reference naming prompt, engine, version and position within the reply.",An assertion is converted only where it validates against the machine definition of its type; otherwise it is refused at construction.,"=IF(COUNTIF({""human-authored"",""ai-derived""},""ai-derived"")>0,""Citation discloses model origin"",""Ordinary citation"")",True
266,Derivation Marking and Disclosure,Internal,§126.5,126,Operator,D1 Ingestion & Sensory Intake,Knowledge,D1.ch126,"Carry the engine identity as an unmodifiable, unremovable field of the record schema, and disclose it in any citation resolving to that record, so a reader following a citation is told the assertion was generated by a named engine from a recorded prompt rather than asserted by an authored source. Prevents the failure in which the authority behind a cited claim turns out to be that a model produced it when asked.",A record cannot be re-typed to shed its derivation marking; every citation to it discloses the marking.,"=IF(COUNTIF({""human-authored"",""ai-derived""},""ai-derived"")>0,""Citation discloses model origin"",""Ordinary citation"")",True
267,Self-Corroboration Bar,Internal,§126.5,126,Operator,D1 Ingestion & Sensory Intake,Knowledge,D1.ch126,"Treat each registered engine as one source class, so repeated elicitation raises accumulated evidence without raising diversity — three assertions from one engine yield an effective source-class count of 1.0 against 3.0 for three distinct engines — and refuse a corroboration offered by a record derived from the same engine as the record it corroborates. Prevents confidence manufactured by repetition, where a hundred elicitations from one model would otherwise report near-certainty for a claim no source ever made.",Effective source classes D = 1/sum of squared weight proportions; all weight in one engine yields D = 1.,=1/((3/3)^2),True
268,Citation Verification of a Reply,Internal,§126.6,126,Operator,D1 Ingestion & Sensory Intake,Knowledge,D1.ch126,"Verify every citation contained in a model-derived assertion against the record store, recording it as verified where it resolves and unverified where it does not; admit the assertion carrying that recording rather than withholding it, so a fabricated citation becomes a recorded property of the assertion rather than an undetected defect. Record contradictions with authored records in the contradiction index, noting the derivation difference so a reviewer knows one side originated from a model.",A corroboration is admitted only where the corroborating record derives from a different source class than the record corroborated.,"=IF(COUNTIF({""model-A"",""model-A"",""model-A""},""model-A"")>1,""Refused - self-corroboration within one model"",""Independent corroboration"")",True
269,Competitive Candidate Resolution,Internal,§21.4.3,21,—,D4 Retrieval & Response,Reasoning,,"Where a query admits several mutually-inconsistent interpretations, activate the candidate records supporting each together rather than evaluating them in sequence; reduce each candidate's activation in proportion to the summed activation of the candidates inconsistent with it; iterate to a stable state under the existing threshold update; suppress candidates below the retention floor. The competition is among candidates rather than among domains, since a domain owns exactly one decision and two domains proposing competing answers would contradict the partition. Where two candidates survive at comparable activation the set does not resolve and clarification is requested rather than the higher being taken.",Suppressed activation = a_i - k * sum of activations of candidates inconsistent with i; retained where above the floor.,=0.82-0.35*(0.61+0.44),True
270,Specialized Feed Registration,Admin,§127.1,127,Operator,D1 Ingestion & Sensory Intake,Knowledge,D1.ch127,"Register a live data source with publication authority, refresh interval, staleness bound, value class, unit and dimension, restatement policy and redistribution entitlement; a registration omitting any of these is connectable but not admissible as a query source, since each governs a decision the system would otherwise make by assumption. Refuse an arithmetic combination of two values of differing dimension rather than computing it.",A feed is admissible as a query source only where all seven registration properties are present.,"=IF(COUNTIF({""publication"",""extraction""},""publication"")>0,""Admitted at publication authority; calibration bypassed"",""Calibrated from extraction"")",True
271,Publication Authority Admission,Internal,§127.2,127,—,D1 Ingestion & Sensory Intake,Knowledge,D1.ch127,"Admit a non-forecast value at its publisher's authority without applying extraction confidence, modality coefficient or source reliability, since calibration would invent an uncertainty that does not exist — a published price is not 87% likely to be the price. The record asserts that the authority published the value, not that it is correct. A forecast is admitted carrying the uncertainty its publisher states. Where a publisher states an interval, retain the interval and compute any required point by a registered rule rather than selecting one.",Point value from a published interval = registered rule over the interval; the interval is retained alongside.,=0.5*(18.2+21.6),True
272,Staleness Bound,Internal,§127.3,127,—,D1 Ingestion & Sensory Intake,Knowledge,D1.ch127,"Serve a value only where its age at query time is within the registered staleness bound; beyond it state the age and publication time rather than serving, extrapolating or substituting the nearest available. A feed value does not decay — it expires, since a quoted value does not grow less certain with age but becomes superseded, and answering from it is not answering with lower confidence but answering wrongly. Absence of publication within a multiple of the refresh interval marks the feed interrupted, distinguishing a stopped feed from an unchanged value.",Serve where (query time − publication time) ≤ staleness bound; otherwise return the age and the publication time.,"=IF(47<=60,""Within staleness bound - served"",""Stale - refused with age stated"")",True
273,Restatement Distinct From Correction,Internal,§127.4,127,—,D1 Ingestion & Sensory Intake,Knowledge,D1.ch127,"Record a publisher's revision of an already-reported period as a restatement related to the prior value, retaining the prior value unmarked and queryable as what was published at its publication time — because it was not wrong, it was correct on the information then available. Reserve the supersession chain and the erroneous marking for a revision issued as a correction. A revision arriving outside the registered restatement policy is held for a named human rather than classified by inference.",A revision is a restatement or a correction by registered policy; the relation determines whether the prior value is marked erroneous.,"=IF(COUNTIF({""restatement"",""correction""},""restatement"")>0,""Prior value retained as correct-when-published"",""Prior value superseded as erroneous"")",True
274,Redistribution Entitlement,User-Facing,§127.5,127,Reader,D1 Ingestion & Sensory Intake,Knowledge,D1.ch127,"Express what a requester may do with a served value — display, derive, delayed, or redistribute — as a dimension distinct from what they may reach. Enforce at composition rather than at export: a response that would carry a value beyond its entitlement is composed without it and the entitlement is stated, so the requester is told rather than left to infer. A derived value carries the source feed's entitlement unless a registered derivation discharges it, so an entitlement cannot be escaped by computing on a value and redistributing the result.",A value enters a response only where the requester's redistribution entitlement admits the intended use.,"=IF(COUNTIF({""view"",""redistribute""},""redistribute"")>0,""Refused - redistribution not entitled"",""Value may be displayed"")",True
275,Agent Definition Completeness,Admin,§128.1,128,Operator,D11 Platform Governance & Evolution,Platform,D11.ch128,"Register a defined agent only where all six phases are complete — purpose and boundary, operational function with deterministic decision rules and error handling, scope description as an entitlement, runtime with duration bound and termination condition, declared capability set, and a review with a named human approval. Refuse a definition lacking any element rather than supplying a default, since an agent whose behaviour is not fully determined before it runs cannot be evaluated before it runs. An agent without a termination condition is not registrable.",Registration proceeds only where every element of all six definition phases is present.,"=IF(AND(1=1,1=1,1=1,1=1,1=1,1=1),""Agent admitted to registration"",""Refused - definition incomplete"")",True
276,Agent Capability Bounding,Admin,§128.1,128,Operator,D11 Platform Governance & Evolution,Platform,D11.ch128,"Bound an agent's declared capability set above by the capabilities of the identity registering it, so an agent cannot be given authority its author does not hold; refuse an undeclared capability at the boundary at execution time. Re-perform the governance evaluation at each execution rather than at registration, so an agent does not accumulate authority by having been approved once.",An operation executes only where it lies within the agent's declared capability set.,"=IF(COUNTIF({""read"",""compose""},""write"")>0,""Refused - capability not declared"",""Within declared capability"")",True
277,Agent Lifecycle Enforcement,Admin,§128.4,128,Operator,D11 Platform Governance & Evolution,Platform,D11.ch128,"Enforce rather than track the lifecycle across six stages: initialization, execution within window and duration bound, non-disableable monitoring, advisory reporting, termination, archival. Terminate on lifecycle expiry, owner or operator request, governance exclusion, capability violation or exceeding a configured error rate, taking effect before the next execution. Renewal is a fresh registration with a fresh review and approval, so an agent cannot persist by inattention.","An agent terminates where elapsed lifetime reaches the registered lifecycle bound, irrespective of attention.","=IF(14>=14,""Lifecycle expired - agent terminated"",""Within lifecycle"")",True
278,Agent Decision Trace,Internal,§128.5,128,—,D11 Platform Governance & Evolution,Platform,D11.ch128,"Write on each execution a trace of the trigger fired, scope resolved, records read, branch taken by each rule, outputs, every refusal with its cause, and compute consumed. Write it by the execution mechanism rather than by the agent, so an agent cannot omit from its own trace what it would prefer not to record, and append it to the provenance chain under the keyed-checksum discipline so later alteration is detectable. Record refusals and terminations with equal prominence to successes.",A deductive conclusion an agent may admit carries confidence bounded by the least of the traversed edge confidences.,"=MIN(0.62,0.55)",True
279,Advisory Distinguished From Approval,Admin,§128.6,128,Operator,D11 Platform Governance & Evolution,Platform,D11.ch128,"Adopt the agent's self-analysis and warnings, which block registration on an unresolved finding, while refusing its self-confirmation of compliance: a mechanism cannot establish its own compliance, and a confirmation so produced would be relied on precisely where reliance is least warranted. Compliance is established by the governance evaluation performed upon the agent and by a named human approval. During operation an agent reports but does not decide — it does not renew itself, widen its scope, extend its lifecycle or clear its own findings.",A registration or continuation proceeds on a recorded human approval; an agent's own report is advisory only.,"=IF(COUNTIF({""advisory"",""approval""},""approval"")>0,""Named human approval recorded"",""Advisory only - not an approval"")",True
